event_name;event_date;event_link;event_location
UFC Fight Night: Rozenstruik vs. Almeida;May 13, 2023;http://www.ufcstats.com/event-details/901cddcbfa079097;Charlotte, North Carolina, USA
UFC 288: Sterling vs. Cejudo;May 06, 2023;http://www.ufcstats.com/event-details/3c6976f8182d9527;Newark, New Jersey, USA
UFC Fight Night: Song vs. Simon;April 29, 2023;http://www.ufcstats.com/event-details/51b1e2fd9872005b;Las Vegas, Nevada, USA
UFC Fight Night: Pavlovich vs. Blaydes;April 22, 2023;http://www.ufcstats.com/event-details/6fb1ba67bef41b37;Las Vegas, Nevada, USA
UFC Fight Night: Holloway vs. Allen;April 15, 2023;http://www.ufcstats.com/event-details/15b1b21cd743d652;Kansas City, Missouri, USA
UFC 287: Pereira vs. Adesanya 2;April 08, 2023;http://www.ufcstats.com/event-details/3dc3022232b79c7a;Miami, Florida, USA
UFC Fight Night: Vera vs. Sandhagen;March 25, 2023;http://www.ufcstats.com/event-details/aec273fcb765330d;San Antonio, Texas, USA
UFC 286: Edwards vs. Usman 3;March 18, 2023;http://www.ufcstats.com/event-details/e4bb7e483c4ad318;London, England, United Kingdom
UFC Fight Night: Yan vs. Dvalishvili;March 11, 2023;http://www.ufcstats.com/event-details/35080a7f406f9ab3;Las Vegas, Nevada, USA
UFC 285: Jones vs. Gane;March 04, 2023;http://www.ufcstats.com/event-details/1ccff7f0cfdf85eb;Las Vegas, Nevada, USA
UFC Fight Night: Muniz vs. Allen;February 25, 2023;http://www.ufcstats.com/event-details/806975e1b4f47b27;Las Vegas, Nevada, USA
UFC Fight Night: Andrade vs. Blanchfield;February 18, 2023;http://www.ufcstats.com/event-details/f21a3d68fb9df387;Las Vegas, Nevada, USA
UFC 284: Makhachev vs. Volkanovski;February 11, 2023;http://www.ufcstats.com/event-details/01dd4cdc2446f665;Perth, Western Australia, Australia
UFC Fight Night: Lewis vs. Spivac;February 04, 2023;http://www.ufcstats.com/event-details/d26394fc0e8e880a;Las Vegas, Nevada, USA
UFC 283: Teixeira vs. Hill;January 21, 2023;http://www.ufcstats.com/event-details/5717efc6f271cd52;Rio de Janeiro, Rio de Janeiro, Brazil
UFC Fight Night: Strickland vs. Imavov;January 14, 2023;http://www.ufcstats.com/event-details/2e2cdb6e9eb84bb9;Las Vegas, Nevada, USA
UFC Fight Night: Cannonier vs. Strickland;December 17, 2022;http://www.ufcstats.com/event-details/56ec58954158966a;Las Vegas, Nevada, USA
UFC 282: Blachowicz vs. Ankalaev;December 10, 2022;http://www.ufcstats.com/event-details/f65a0eb902f9476b;Las Vegas, Nevada, USA
UFC Fight Night: Thompson vs. Holland;December 03, 2022;http://www.ufcstats.com/event-details/b23388ff8ac6637b;Orlando, Florida, USA
UFC Fight Night: Nzechukwu vs. Cutelaba;November 19, 2022;http://www.ufcstats.com/event-details/012fc7cd0779c09a;Las Vegas, Nevada, USA
UFC 281: Adesanya vs. Pereira;November 12, 2022;http://www.ufcstats.com/event-details/b3b6e80b7d5f8f0d;New York City, New York, USA
UFC Fight Night: Rodriguez vs. Lemos;November 05, 2022;http://www.ufcstats.com/event-details/756f45905fb20cb5;Las Vegas, Nevada, USA
UFC Fight Night: Kattar vs. Allen;October 29, 2022;http://www.ufcstats.com/event-details/be5aab761c40ef35;Las Vegas, Nevada, USA
UFC 280: Oliveira vs. Makhachev;October 22, 2022;http://www.ufcstats.com/event-details/885e7f70dcac0007;Abu Dhabi, Abu Dhabi, United Arab Emirates
UFC Fight Night: Grasso vs. Araujo;October 15, 2022;http://www.ufcstats.com/event-details/49c29e57d4e2be6f;Las Vegas, Nevada, USA
UFC Fight Night: Dern vs. Yan;October 01, 2022;http://www.ufcstats.com/event-details/4f670b7972fa0a2e;Las Vegas, Nevada, USA
UFC Fight Night: Sandhagen vs. Song;September 17, 2022;http://www.ufcstats.com/event-details/8d477c3fbe001f9d;Las Vegas, Nevada, USA
UFC 279: Diaz vs. Ferguson;September 10, 2022;http://www.ufcstats.com/event-details/93bf96be327fcd98;Las Vegas, Nevada, USA
UFC Fight Night: Gane vs. Tuivasa;September 03, 2022;http://www.ufcstats.com/event-details/00a905a4a4a2b071;Paris, Ile-de-France, France
UFC 278: Usman vs. Edwards;August 20, 2022;http://www.ufcstats.com/event-details/4f853e98886283cf;Salt Lake City, Utah, USA
UFC Fight Night: Vera vs. Cruz;August 13, 2022;http://www.ufcstats.com/event-details/a23e63184c65f5b8;San Diego, California, USA
UFC Fight Night: Santos vs. Hill;August 06, 2022;http://www.ufcstats.com/event-details/8f6a18831a120817;Las Vegas, Nevada, USA
UFC 277: Pena vs. Nunes 2;July 30, 2022;http://www.ufcstats.com/event-details/b0a6124751a56bc4;Dallas, Texas, USA
UFC Fight Night: Blaydes vs. Aspinall;July 23, 2022;http://www.ufcstats.com/event-details/319c15b8aac5bfde;London, England, United Kingdom
UFC Fight Night: Ortega vs. Rodriguez;July 16, 2022;http://www.ufcstats.com/event-details/8fd76e1b49c00ae2;Elmont, New York, USA
UFC Fight Night: Dos Anjos vs. Fiziev;July 09, 2022;http://www.ufcstats.com/event-details/31da66df48c0c1a0;Las Vegas, Nevada, USA
UFC 276: Adesanya vs. Cannonier;July 02, 2022;http://www.ufcstats.com/event-details/4a9e305633f3ef47;Las Vegas, Nevada, USA
UFC Fight Night: Tsarukyan vs. Gamrot;June 25, 2022;http://www.ufcstats.com/event-details/eb42d4febfafefd1;Las Vegas, Nevada, USA
UFC Fight Night: Kattar vs. Emmett;June 18, 2022;http://www.ufcstats.com/event-details/a0a680fe2f6cc8e6;Austin, Texas, USA
UFC 275: Teixeira vs. Prochazka;June 11, 2022;http://www.ufcstats.com/event-details/3a24769a4855040a;Kallang, Singapore
UFC Fight Night: Volkov vs. Rozenstruik;June 04, 2022;http://www.ufcstats.com/event-details/57591bbf1623574e;Las Vegas, Nevada, USA
UFC Fight Night: Holm vs. Vieira;May 21, 2022;http://www.ufcstats.com/event-details/a6c32678efd4f434;Las Vegas, Nevada, USA
UFC Fight Night: Blachowicz vs. Rakic;May 14, 2022;http://www.ufcstats.com/event-details/60ba33c3f555a7a3;Las Vegas, Nevada, USA
UFC 274: Oliveira vs. Gaethje;May 07, 2022;http://www.ufcstats.com/event-details/253d3f9e97ca149a;Phoenix, Arizona, USA
UFC Fight Night: Font vs. Vera;April 30, 2022;http://www.ufcstats.com/event-details/6bf5a7d3e081ade2;Las Vegas, Nevada, USA
UFC Fight Night: Lemos vs. Andrade;April 23, 2022;http://www.ufcstats.com/event-details/236a37d96d476164;Las Vegas, Nevada, USA
UFC Fight Night: Luque vs. Muhammad;April 16, 2022;http://www.ufcstats.com/event-details/8753e125f4499816;Las Vegas, Nevada, USA
UFC 273: Volkanovski vs. The Korean Zombie;April 09, 2022;http://www.ufcstats.com/event-details/3a97fda0de6f1fa4;Jacksonville, Florida, USA
UFC Fight Night: Blaydes vs. Daukaus;March 26, 2022;http://www.ufcstats.com/event-details/1fac46d466abd5b8;Columbus, Ohio, USA
UFC Fight Night: Volkov vs. Aspinall;March 19, 2022;http://www.ufcstats.com/event-details/1d00756835ca67c9;London, England, United Kingdom
UFC Fight Night: Santos vs. Ankalaev;March 12, 2022;http://www.ufcstats.com/event-details/1f9344211ca7fd60;Las Vegas, Nevada, USA
UFC 272: Covington vs. Masvidal;March 05, 2022;http://www.ufcstats.com/event-details/75e0d3cc2262b732;Las Vegas, Nevada, USA
UFC Fight Night: Makhachev vs. Green;February 26, 2022;http://www.ufcstats.com/event-details/f6a7b02c42e9fc5b;Las Vegas, Nevada, USA
UFC Fight Night: Walker vs. Hill;February 19, 2022;http://www.ufcstats.com/event-details/77940e45bc86208e;Las Vegas, Nevada, USA
UFC 271: Adesanya vs. Whittaker 2;February 12, 2022;http://www.ufcstats.com/event-details/cbb682f5fcc44bfc;Houston, Texas, USA
UFC Fight Night: Hermansson vs. Strickland;February 05, 2022;http://www.ufcstats.com/event-details/883922e5cd6d8473;Las Vegas, Nevada, USA
UFC 270: Ngannou vs. Gane;January 22, 2022;http://www.ufcstats.com/event-details/335ad945324c3a2e;Anaheim, California, USA
UFC Fight Night: Kattar vs. Chikadze;January 15, 2022;http://www.ufcstats.com/event-details/f5585e675af7afd4;Las Vegas, Nevada, USA
UFC Fight Night: Lewis vs. Daukaus;December 18, 2021;http://www.ufcstats.com/event-details/2a470ad41c22c25a;Las Vegas, Nevada, USA
UFC 269: Oliveira vs. Poirier;December 11, 2021;http://www.ufcstats.com/event-details/ef927e4fe2117ab8;Las Vegas, Nevada, USA
UFC Fight Night: Font vs. Aldo;December 04, 2021;http://www.ufcstats.com/event-details/509697e08673d2e5;Las Vegas, Nevada, USA
UFC Fight Night: Vieira vs. Tate;November 20, 2021;http://www.ufcstats.com/event-details/c95fbc085e17a532;Las Vegas, Nevada, USA
UFC Fight Night: Holloway vs. Rodriguez;November 13, 2021;http://www.ufcstats.com/event-details/b5abaa65f87938eb;Las Vegas, Nevada, USA
UFC 268: Usman vs. Covington 2;November 06, 2021;http://www.ufcstats.com/event-details/48e093ea1f43a053;New York City, New York, USA
UFC 267: Blachowicz vs. Teixeira;October 30, 2021;http://www.ufcstats.com/event-details/3974fa35c917af1d;Abu Dhabi, Abu Dhabi, United Arab Emirates
UFC Fight Night: Costa vs. Vettori;October 23, 2021;http://www.ufcstats.com/event-details/8a9c6c4301f6d088;Las Vegas, Nevada, USA
UFC Fight Night: Ladd vs. Dumont;October 16, 2021;http://www.ufcstats.com/event-details/8f4616698508f24d;Las Vegas, Nevada, USA
UFC Fight Night: Dern vs. Rodriguez;October 09, 2021;http://www.ufcstats.com/event-details/d247691a6c0e9034;Las Vegas, Nevada, USA
UFC Fight Night: Santos vs. Walker;October 02, 2021;http://www.ufcstats.com/event-details/e15d0a2519d6a0b5;Las Vegas, Nevada, USA
UFC 266: Volkanovski vs. Ortega;September 25, 2021;http://www.ufcstats.com/event-details/0eec866a077889f0;Las Vegas, Nevada, USA
UFC Fight Night: Smith vs. Spann;September 18, 2021;http://www.ufcstats.com/event-details/4c27ca8c8481f79a;Las Vegas, Nevada, USA
UFC Fight Night: Brunson vs. Till;September 04, 2021;http://www.ufcstats.com/event-details/b9532d815060de7f;Las Vegas, Nevada, USA
UFC Fight Night: Barboza vs. Chikadze;August 28, 2021;http://www.ufcstats.com/event-details/0db9d2486d564a3c;Las Vegas, Nevada, USA
UFC Fight Night: Cannonier vs. Gastelum;August 21, 2021;http://www.ufcstats.com/event-details/2f13e4020cea5b38;Las Vegas, Nevada, USA
UFC 265: Lewis vs. Gane;August 07, 2021;http://www.ufcstats.com/event-details/972197a8c61ac413;Houston, Texas, USA
UFC Fight Night: Hall vs. Strickland;July 31, 2021;http://www.ufcstats.com/event-details/320edfb0332b7073;Las Vegas, Nevada, USA
UFC Fight Night: Sandhagen vs. Dillashaw;July 24, 2021;http://www.ufcstats.com/event-details/e57f0b06ea39e360;Las Vegas, Nevada, USA
UFC Fight Night: Makhachev vs. Moises;July 17, 2021;http://www.ufcstats.com/event-details/40389d39a92f5bfa;Las Vegas, Nevada, USA
UFC 264: Poirier vs. McGregor 3;July 10, 2021;http://www.ufcstats.com/event-details/8a0be41c0380188d;Las Vegas, Nevada, USA
UFC Fight Night: Gane vs. Volkov;June 26, 2021;http://www.ufcstats.com/event-details/a1d6b308781aa2f5;Las Vegas, Nevada, USA
UFC Fight Night: Jung vs. Ige;June 19, 2021;http://www.ufcstats.com/event-details/9ddfb3369a3b0394;Las Vegas, Nevada, USA
UFC 263: Adesanya vs. Vettori 2;June 12, 2021;http://www.ufcstats.com/event-details/0b64d0fed453ef7f;Glendale, Arizona, USA
UFC Fight Night: Rozenstruik vs. Sakai;June 05, 2021;http://www.ufcstats.com/event-details/3b2485c8d5c8b580;Las Vegas, Nevada, USA
UFC Fight Night: Font vs. Garbrandt;May 22, 2021;http://www.ufcstats.com/event-details/277ffed20cf07aea;Las Vegas, Nevada, USA
UFC 262: Oliveira vs. Chandler;May 15, 2021;http://www.ufcstats.com/event-details/744f50016c39c26c;Houston, Texas, USA
UFC Fight Night: Rodriguez vs. Waterson;May 08, 2021;http://www.ufcstats.com/event-details/58a36b4ccf5dc30e;Las Vegas, Nevada, USA
UFC Fight Night: Reyes vs. Prochazka;May 01, 2021;http://www.ufcstats.com/event-details/d57e6a8971b6d2bd;Las Vegas, Nevada, USA
UFC 261: Usman vs. Masvidal 2;April 24, 2021;http://www.ufcstats.com/event-details/27541033b97c076d;Jacksonville, Florida, USA
UFC Fight Night: Whittaker vs. Gastelum;April 17, 2021;http://www.ufcstats.com/event-details/4a35913bd9aa4161;Las Vegas, Nevada, USA
UFC Fight Night: Vettori vs. Holland;April 10, 2021;http://www.ufcstats.com/event-details/9114c8ded5ccd71d;Las Vegas, Nevada, USA
UFC 260: Miocic vs. Ngannou;March 27, 2021;http://www.ufcstats.com/event-details/6597b611f1c32555;Las Vegas, Nevada, USA
UFC Fight Night: Brunson vs. Holland;March 20, 2021;http://www.ufcstats.com/event-details/c36e1f4fa755ffb4;Las Vegas, Nevada, USA
UFC Fight Night: Edwards vs. Muhammad;March 13, 2021;http://www.ufcstats.com/event-details/8c90c1563972e44d;Las Vegas, Nevada, USA
UFC 259: Blachowicz vs. Adesanya;March 06, 2021;http://www.ufcstats.com/event-details/6e2b1d631832921d;Las Vegas, Nevada, USA
UFC Fight Night: Rozenstruik vs. Gane;February 27, 2021;http://www.ufcstats.com/event-details/81b57acd6975ac06;Las Vegas, Nevada, USA
UFC Fight Night: Blaydes vs. Lewis;February 20, 2021;http://www.ufcstats.com/event-details/bfe95ec546692b13;Las Vegas, Nevada, USA
UFC 258: Usman vs. Burns;February 13, 2021;http://www.ufcstats.com/event-details/3f7c14c7eca7195d;Las Vegas, Nevada, USA
UFC Fight Night: Overeem vs. Volkov;February 06, 2021;http://www.ufcstats.com/event-details/a1153013cb5f628f;Las Vegas, Nevada, USA
UFC 257: Poirier vs. McGregor;January 23, 2021;http://www.ufcstats.com/event-details/4304992c2acc187b;Abu Dhabi, Abu Dhabi, United Arab Emirates
UFC Fight Night: Chiesa vs. Magny;January 20, 2021;http://www.ufcstats.com/event-details/56116537d71a578c;Abu Dhabi, Abu Dhabi, United Arab Emirates
UFC Fight Night: Holloway vs. Kattar;January 16, 2021;http://www.ufcstats.com/event-details/307064d3e0f036c2;Abu Dhabi, Abu Dhabi, United Arab Emirates
UFC Fight Night: Thompson vs. Neal;December 19, 2020;http://www.ufcstats.com/event-details/e49c2db95e572dc8;Las Vegas, Nevada, USA
UFC 256: Figueiredo vs. Moreno;December 12, 2020;http://www.ufcstats.com/event-details/d0d43cb9b14f231c;Las Vegas, Nevada, USA
UFC Fight Night: Hermansson vs. Vettori;December 05, 2020;http://www.ufcstats.com/event-details/398b440e73d55b8b;Las Vegas, Nevada, USA
UFC Fight Night: Smith vs. Clark;November 28, 2020;http://www.ufcstats.com/event-details/992c82450d96f726;Las Vegas, Nevada, USA
UFC 255: Figueiredo vs. Perez;November 21, 2020;http://www.ufcstats.com/event-details/bbb15f301e4a490a;Las Vegas, Nevada, USA
UFC Fight Night: Felder vs. Dos Anjos;November 14, 2020;http://www.ufcstats.com/event-details/3bc27ec15facbcf3;Las Vegas, Nevada, USA
UFC Fight Night: Santos vs. Teixeira;November 07, 2020;http://www.ufcstats.com/event-details/41dca66f9dadfc86;Las Vegas, Nevada, USA
UFC Fight Night: Hall vs. Silva;October 31, 2020;http://www.ufcstats.com/event-details/ad044be25c94dcfd;Las Vegas, Nevada, USA
UFC 254: Khabib vs. Gaethje;October 24, 2020;http://www.ufcstats.com/event-details/c3c38c86f5ab9b5c;Abu Dhabi, Abu Dhabi, United Arab Emirates
UFC Fight Night: Ortega vs. The Korean Zombie;October 17, 2020;http://www.ufcstats.com/event-details/d4f364dd076bb0e2;Abu Dhabi, Abu Dhabi, United Arab Emirates
UFC Fight Night: Moraes vs. Sandhagen;October 10, 2020;http://www.ufcstats.com/event-details/fd4578cac86d75ca;Abu Dhabi, Abu Dhabi, United Arab Emirates
UFC Fight Night: Holm vs. Aldana;October 03, 2020;http://www.ufcstats.com/event-details/805ad1801eb26abb;Abu Dhabi, Abu Dhabi, United Arab Emirates
UFC 253: Adesanya vs. Costa;September 26, 2020;http://www.ufcstats.com/event-details/e69c5ce12f4e762b;Abu Dhabi, Abu Dhabi, United Arab Emirates
UFC Fight Night: Covington vs. Woodley;September 19, 2020;http://www.ufcstats.com/event-details/831b937811804dad;Las Vegas, Nevada, USA
UFC Fight Night: Waterson vs. Hill;September 12, 2020;http://www.ufcstats.com/event-details/9c37681096c6f3a9;Las Vegas, Nevada, USA
UFC Fight Night: Overeem vs. Sakai;September 05, 2020;http://www.ufcstats.com/event-details/542db012217ecb83;Las Vegas, Nevada, USA
UFC Fight Night: Smith vs. Rakic;August 29, 2020;http://www.ufcstats.com/event-details/e29cf523ebd155c5;Las Vegas, Nevada, USA
UFC Fight Night: Munhoz vs. Edgar;August 22, 2020;http://www.ufcstats.com/event-details/af1e5c64b8663aa0;Las Vegas, Nevada, USA
UFC 252: Miocic vs. Cormier 3;August 15, 2020;http://www.ufcstats.com/event-details/bda04c573563cc2e;Las Vegas, Nevada, USA
UFC Fight Night: Lewis vs. Oleinik;August 08, 2020;http://www.ufcstats.com/event-details/7a82635ffa9b59fe;Las Vegas, Nevada, USA
UFC Fight Night: Brunson vs. Shahbazyan;August 01, 2020;http://www.ufcstats.com/event-details/3746e21bb508391a;Las Vegas, Nevada, USA
UFC Fight Night: Whittaker vs. Till;July 25, 2020;http://www.ufcstats.com/event-details/dde70a112e053a6c;Abu Dhabi, Abu Dhabi, United Arab Emirates
UFC Fight Night: Figueiredo vs. Benavidez 2;July 18, 2020;http://www.ufcstats.com/event-details/ddbd0d6259ce57cc;Abu Dhabi, Abu Dhabi, United Arab Emirates
UFC Fight Night: Kattar vs. Ige;July 15, 2020;http://www.ufcstats.com/event-details/18f5669a92e99d92;Abu Dhabi, Abu Dhabi, United Arab Emirates
UFC 251: Usman vs. Masvidal;July 11, 2020;http://www.ufcstats.com/event-details/dbd198f780286aca;Abu Dhabi, Abu Dhabi, United Arab Emirates
UFC Fight Night: Poirier vs. Hooker;June 27, 2020;http://www.ufcstats.com/event-details/c32eab6c2119e989;Las Vegas, Nevada, USA
UFC Fight Night: Blaydes vs. Volkov;June 20, 2020;http://www.ufcstats.com/event-details/2eab7a6c8b0ed8cc;Las Vegas, Nevada, USA
UFC Fight Night: Eye vs. Calvillo;June 13, 2020;http://www.ufcstats.com/event-details/1e13936d708bcff7;Las Vegas, Nevada, USA
UFC 250: Nunes vs. Spencer;June 06, 2020;http://www.ufcstats.com/event-details/4c12aa7ca246e7a4;Las Vegas, Nevada, USA
UFC Fight Night: Woodley vs. Burns;May 30, 2020;http://www.ufcstats.com/event-details/14b9e0f2679a2205;Las Vegas, Nevada, USA
UFC Fight Night: Overeem vs. Harris;May 16, 2020;http://www.ufcstats.com/event-details/dfb965c9824425db;Jacksonville, Florida, USA
UFC Fight Night: Smith vs. Teixeira;May 13, 2020;http://www.ufcstats.com/event-details/5f8e00c27b7e7410;Jacksonville, Florida, USA
UFC 249: Ferguson vs. Gaethje;May 09, 2020;http://www.ufcstats.com/event-details/898337ef520fe4d3;Jacksonville, Florida, USA
UFC Fight Night: Lee vs. Oliveira;March 14, 2020;http://www.ufcstats.com/event-details/53278852bcd91e11;Brasilia, Distrito Federal, Brazil
UFC 248: Adesanya vs. Romero;March 07, 2020;http://www.ufcstats.com/event-details/0b5b6876c2a4723f;Las Vegas, Nevada, USA
UFC Fight Night: Benavidez vs. Figueiredo;February 29, 2020;http://www.ufcstats.com/event-details/fc9a9559a05f2704;Norfolk, Virginia, USA
UFC Fight Night: Felder vs. Hooker;February 22, 2020;http://www.ufcstats.com/event-details/33b2f68ef95252e0;Auckland, New Zealand
UFC Fight Night: Anderson vs. Blachowicz;February 15, 2020;http://www.ufcstats.com/event-details/5df17b3620145578;Rio Rancho, New Mexico, USA
UFC 247: Jones vs. Reyes;February 08, 2020;http://www.ufcstats.com/event-details/b26d3e3746fb4024;Houston, Texas, USA
UFC Fight Night: Blaydes vs. Dos Santos;January 25, 2020;http://www.ufcstats.com/event-details/44aa652b181bcf68;Raleigh, North Carolina, USA
UFC 246: McGregor vs. Cowboy;January 18, 2020;http://www.ufcstats.com/event-details/0c1773639c795466;Las Vegas, Nevada, USA
UFC Fight Night: Edgar vs. The Korean Zombie;December 21, 2019;http://www.ufcstats.com/event-details/74fefd43f073cd2f;Busan, South Korea
UFC 245: Usman vs. Covington;December 14, 2019;http://www.ufcstats.com/event-details/4565d435005319c0;Las Vegas, Nevada, USA
UFC Fight Night: Overeem vs. Rozenstruik;December 07, 2019;http://www.ufcstats.com/event-details/b09890ba7ce1d1e2;Washington, DC, USA
UFC Fight Night: Blachowicz vs. Jacare;November 16, 2019;http://www.ufcstats.com/event-details/81ca2c245b19b3c5;Sao Paulo, Sao Paulo, Brazil
UFC Fight Night: Zabit vs. Kattar;November 09, 2019;http://www.ufcstats.com/event-details/8d5daf67983b65ba;Moscow, Moscow, Russia
UFC 244: Masvidal vs. Diaz;November 02, 2019;http://www.ufcstats.com/event-details/fd87b1bbfcde9d5e;New York City, New York, USA
UFC Fight Night: Maia vs. Askren;October 26, 2019;http://www.ufcstats.com/event-details/df05aa15b2d66f57;Kallang, Singapore
UFC Fight Night: Reyes vs. Weidman;October 18, 2019;http://www.ufcstats.com/event-details/3ae10ac4df3df05c;Boston, Massachusetts, USA
UFC Fight Night: Joanna vs. Waterson;October 12, 2019;http://www.ufcstats.com/event-details/0941df56f6ac954b;Tampa, Florida, USA
UFC 243: Whittaker vs. Adesanya;October 05, 2019;http://www.ufcstats.com/event-details/3cf68c1d17f66af7;Melbourne, Victoria, Australia
UFC Fight Night: Hermansson vs. Cannonier;September 28, 2019;http://www.ufcstats.com/event-details/1bf49bf829964144;Copenhagen, Denmark
UFC Fight Night: Rodriguez vs. Stephens;September 21, 2019;http://www.ufcstats.com/event-details/94a5aaf573f780ad;Mexico City, Distrito Federal, Mexico
UFC Fight Night: Cowboy vs. Gaethje;September 14, 2019;http://www.ufcstats.com/event-details/4834ff149dc9542a;Vancouver, British Columbia, Canada
UFC 242: Khabib vs. Poirier;September 07, 2019;http://www.ufcstats.com/event-details/a79bfbc01b2264d6;Abu Dhabi, Abu Dhabi, United Arab Emirates
UFC Fight Night: Andrade vs. Zhang;August 31, 2019;http://www.ufcstats.com/event-details/2c104b7e59a72629;Shenzhen, Guangdong, China
UFC 241: Cormier vs. Miocic 2;August 17, 2019;http://www.ufcstats.com/event-details/70167689d6a01793;Anaheim, California, USA
UFC Fight Night: Shevchenko vs. Carmouche 2;August 10, 2019;http://www.ufcstats.com/event-details/e5d03e4d966126bd;Montevideo, Uruguay
UFC Fight Night: Covington vs. Lawler;August 03, 2019;http://www.ufcstats.com/event-details/03da33a102d9a45f;Newark, New Jersey, USA
UFC 240: Holloway vs. Edgar;July 27, 2019;http://www.ufcstats.com/event-details/abcf7e55a0a9ed89;Edmonton, Alberta, Canada
UFC Fight Night: Dos Anjos vs. Edwards;July 20, 2019;http://www.ufcstats.com/event-details/9e0f28d1f639ad73;San Antonio, Texas, USA
UFC Fight Night: De Randamie vs. Ladd;July 13, 2019;http://www.ufcstats.com/event-details/2f8f3c69522db931;Sacramento, California, USA
UFC 239: Jones vs. Santos;July 06, 2019;http://www.ufcstats.com/event-details/6c9383ffab2725a5;Las Vegas, Nevada, USA
UFC Fight Night: Ngannou vs. Dos Santos;June 29, 2019;http://www.ufcstats.com/event-details/c0c1bc0766df4c00;Minneapolis, Minnesota, USA
UFC Fight Night: Moicano vs. The Korean Zombie;June 22, 2019;http://www.ufcstats.com/event-details/b16a7e6a627e9789;Greenville, South Carolina, USA
UFC 238: Cejudo vs. Moraes;June 08, 2019;http://www.ufcstats.com/event-details/e31502e3f79d00c5;Chicago, Illinois, USA
UFC Fight Night: Gustafsson vs. Smith;June 01, 2019;http://www.ufcstats.com/event-details/cbc071cb20ea59c7;Stockholm, Sweden
UFC Fight Night: Dos Anjos vs. Lee;May 18, 2019;http://www.ufcstats.com/event-details/6b8f28da9a483049;Rochester, New York, USA
UFC 237: Namajunas vs. Andrade;May 11, 2019;http://www.ufcstats.com/event-details/9de7c97e1c0d7927;Rio de Janeiro, Rio de Janeiro, Brazil
UFC Fight Night: Iaquinta vs. Cowboy;May 04, 2019;http://www.ufcstats.com/event-details/351264d11286d09a;Ottawa, Ontario, Canada
UFC Fight Night: Jacare vs. Hermansson;April 27, 2019;http://www.ufcstats.com/event-details/c912f676692c353a;Sunrise, Florida, USA
UFC Fight Night: Overeem vs. Oleinik;April 20, 2019;http://www.ufcstats.com/event-details/7dcf06c1967801c1;Saint Petersburg, Saint Petersburg, Russia
UFC 236: Holloway vs. Poirier 2;April 13, 2019;http://www.ufcstats.com/event-details/b0550072e5f0afa7;Atlanta, Georgia, USA
UFC Fight Night: Barboza vs. Gaethje;March 30, 2019;http://www.ufcstats.com/event-details/9649d75defe0dedb;Philadelphia, Pennsylvania, USA
UFC Fight Night: Thompson vs. Pettis;March 23, 2019;http://www.ufcstats.com/event-details/487c170da059857d;Nashville, Tennessee, USA
UFC Fight Night: Till vs. Masvidal;March 16, 2019;http://www.ufcstats.com/event-details/80eacd4da0617c57;London, England, United Kingdom
UFC Fight Night: Lewis vs. Dos Santos;March 09, 2019;http://www.ufcstats.com/event-details/e96d8538d3f9d0ed;Wichita, Kansas, USA
UFC 235: Jones vs. Smith;March 02, 2019;http://www.ufcstats.com/event-details/2d5fbe2103f97053;Las Vegas, Nevada, USA
UFC Fight Night: Blachowicz vs. Santos;February 23, 2019;http://www.ufcstats.com/event-details/6546af7ab545b90c;Prague, Czech Republic
UFC Fight Night: Ngannou vs. Velasquez;February 17, 2019;http://www.ufcstats.com/event-details/a7a79b8efbceaaac;Phoenix, Arizona, USA
UFC 234: Adesanya vs. Silva;February 09, 2019;http://www.ufcstats.com/event-details/b5882371e2a3900d;Melbourne, Victoria, Australia
UFC Fight Night: Assuncao vs. Moraes 2;February 02, 2019;http://www.ufcstats.com/event-details/84283233ec42be5f;Fortaleza, Ceara, Brazil
UFC Fight Night: Cejudo vs. Dillashaw;January 19, 2019;http://www.ufcstats.com/event-details/d4da8995fc91e7ef;Brooklyn, New York, USA
UFC 232: Jones vs. Gustafsson 2;December 29, 2018;http://www.ufcstats.com/event-details/c046100aea0dba9a;Los Angeles, California, USA
UFC Fight Night: Lee vs. Iaquinta;December 15, 2018;http://www.ufcstats.com/event-details/7a703c565ccaa18f;Milwaukee, Wisconsin, USA
UFC 231: Holloway vs. Ortega;December 08, 2018;http://www.ufcstats.com/event-details/2a74bbba57058f12;Toronto, Ontario, Canada
UFC Fight Night: Dos Santos vs. Tuivasa;December 01, 2018;http://www.ufcstats.com/event-details/d1d20e651e6cbc02;Adelaide, South Australia, Australia
The Ultimate Fighter: Heavy Hitters Finale;November 30, 2018;http://www.ufcstats.com/event-details/c7ac79839e86ce33;Las Vegas, Nevada, USA
UFC Fight Night: Blaydes vs. Ngannou 2;November 24, 2018;http://www.ufcstats.com/event-details/de25520d54eab12d;Beijing, China
UFC Fight Night: Magny vs. Ponzinibbio;November 17, 2018;http://www.ufcstats.com/event-details/aa3153a9941b4d44;Buenos Aires, Buenos Aires, Argentina
UFC Fight Night: Korean Zombie vs. Rodriguez;November 10, 2018;http://www.ufcstats.com/event-details/42c96a9c4802e2e1;Denver, Colorado, USA
UFC 230: Cormier vs. Lewis;November 03, 2018;http://www.ufcstats.com/event-details/20821819c401ced8;New York City, New York, USA
UFC Fight Night: Oezdemir vs. Smith;October 27, 2018;http://www.ufcstats.com/event-details/33a331684283900f;Moncton, New Brunswick, Canada
UFC 229: Khabib vs. McGregor;October 06, 2018;http://www.ufcstats.com/event-details/1ef0eae31904e534;Las Vegas, Nevada, USA
UFC Fight Night: Marreta vs. Anders;September 22, 2018;http://www.ufcstats.com/event-details/852454c572675334;Sao Paulo, Sao Paulo, Brazil
UFC Fight Night: Hunt vs. Oleinik;September 15, 2018;http://www.ufcstats.com/event-details/8d49545dadf9b919;Moscow, Moscow, Russia
UFC 228: Woodley vs. Till;September 08, 2018;http://www.ufcstats.com/event-details/d5ae8074631762fc;Dallas, Texas, USA
UFC Fight Night: Gaethje vs. Vick;August 25, 2018;http://www.ufcstats.com/event-details/c0342805a1948cbb;Lincoln, Nebraska, USA
UFC 227: Dillashaw vs. Garbrandt 2;August 04, 2018;http://www.ufcstats.com/event-details/03b1e846b09f721d;Los Angeles, California, USA
UFC Fight Night: Alvarez vs. Poirier 2;July 28, 2018;http://www.ufcstats.com/event-details/322a56923b396b4d;Calgary, Alberta, Canada
UFC Fight Night: Shogun vs. Smith;July 22, 2018;http://www.ufcstats.com/event-details/4f732e58ed907eff;Hamburg, Hamburg, Germany
UFC Fight Night: Dos Santos vs. Ivanov;July 14, 2018;http://www.ufcstats.com/event-details/b45d6b73f4ca4467;Boise, Idaho, USA
UFC 226: Miocic vs. Cormier;July 07, 2018;http://www.ufcstats.com/event-details/35585d970300d45a;Las Vegas, Nevada, USA
The Ultimate Fighter: Undefeated Finale;July 06, 2018;http://www.ufcstats.com/event-details/8215e4fe24e8e81b;Las Vegas, Nevada, USA
UFC Fight Night: Cowboy vs. Edwards;June 23, 2018;http://www.ufcstats.com/event-details/ac5f67109accb482;Kallang, Singapore
UFC 225: Whittaker vs. Romero 2;June 09, 2018;http://www.ufcstats.com/event-details/2eae41f61776c60f;Chicago, Illinois, USA
UFC Fight Night: Rivera vs. Moraes;June 01, 2018;http://www.ufcstats.com/event-details/d29b5c4f22c6357d;Utica, New York, USA
UFC Fight Night: Thompson vs. Till;May 27, 2018;http://www.ufcstats.com/event-details/f5990c11974d8e9c;Liverpool, England, United Kingdom
UFC Fight Night: Maia vs. Usman;May 19, 2018;http://www.ufcstats.com/event-details/3144121470023e9a;Santiago, Chile
UFC 224: Nunes vs. Pennington;May 12, 2018;http://www.ufcstats.com/event-details/67ec58d7cf599835;Rio de Janeiro, Rio de Janeiro, Brazil
UFC Fight Night: Barboza vs. Lee;April 21, 2018;http://www.ufcstats.com/event-details/ad99fa5325519169;Atlantic City, New Jersey, USA
UFC Fight Night: Poirier vs. Gaethje;April 14, 2018;http://www.ufcstats.com/event-details/620be7e0712d431b;Glendale, Arizona, USA
UFC 223: Khabib vs. Iaquinta;April 07, 2018;http://www.ufcstats.com/event-details/49e7e05f902479ca;Brooklyn, New York, USA
UFC Fight Night: Werdum vs. Volkov;March 17, 2018;http://www.ufcstats.com/event-details/eed2b71d77d95416;London, England, United Kingdom
UFC 222: Cyborg vs. Kunitskaya;March 03, 2018;http://www.ufcstats.com/event-details/7929be8290289a47;Las Vegas, Nevada, USA
UFC Fight Night: Emmett vs. Stephens;February 24, 2018;http://www.ufcstats.com/event-details/daa89f01e1c0f42a;Orlando, Florida, USA
UFC Fight Night: Cerrone vs. Medeiros;February 18, 2018;http://www.ufcstats.com/event-details/d181689653115b6a;Austin, Texas, USA
UFC 221: Romero vs. Rockhold;February 10, 2018;http://www.ufcstats.com/event-details/15515e797aedc137;Perth, Western Australia, Australia
UFC Fight Night: Machida vs. Anders;February 03, 2018;http://www.ufcstats.com/event-details/7cf20446453f852b;Belem, Para, Brazil
UFC Fight Night: Jacare vs. Brunson 2;January 27, 2018;http://www.ufcstats.com/event-details/602bb270f2bdbf02;Charlotte, North Carolina, USA
UFC 220: Miocic vs. Ngannou;January 20, 2018;http://www.ufcstats.com/event-details/02177caefe7c07d4;Boston, Massachusetts, USA
UFC Fight Night: Stephens vs. Choi;January 14, 2018;http://www.ufcstats.com/event-details/fc1868f56d3036eb;St. Louis, Missouri, USA
UFC 219: Cyborg vs. Holm;December 30, 2017;http://www.ufcstats.com/event-details/04076783ca83d6ae;Las Vegas, Nevada, USA
UFC Fight Night: Lawler vs. Dos Anjos;December 16, 2017;http://www.ufcstats.com/event-details/eaa0a728cc91ef60;Winnipeg, Manitoba, Canada
UFC Fight Night: Swanson vs. Ortega;December 09, 2017;http://www.ufcstats.com/event-details/bcd124bcd3d5be46;Fresno, California, USA
UFC 218: Holloway vs. Aldo 2;December 02, 2017;http://www.ufcstats.com/event-details/9e30f69cc0869301;Detroit, Michigan, USA
The Ultimate Fighter: A New World Champion Finale;December 01, 2017;http://www.ufcstats.com/event-details/30e8b4505f5ccf92;Las Vegas, Nevada, USA
UFC Fight Night: Bisping vs. Gastelum;November 25, 2017;http://www.ufcstats.com/event-details/e7bc606d269896aa;Shanghai, Hebei, China
UFC Fight Night: Werdum vs. Tybura;November 18, 2017;http://www.ufcstats.com/event-details/caced97768818230;Sydney, New South Wales, Australia
UFC Fight Night: Poirier vs. Pettis;November 11, 2017;http://www.ufcstats.com/event-details/d856a0080ac09ed7;Norfolk, Virginia, USA
UFC 217: Bisping vs. St-Pierre;November 04, 2017;http://www.ufcstats.com/event-details/a25b71fe5e31fa97;New York City, New York, USA
UFC Fight Night: Brunson vs. Machida;October 28, 2017;http://www.ufcstats.com/event-details/a7724f51e32e763e;Sao Paulo, Sao Paulo, Brazil
UFC Fight Night: Cerrone vs. Till;October 21, 2017;http://www.ufcstats.com/event-details/d6b68eaf4b68b160;Gdansk, Poland
UFC 216: Ferguson vs. Lee;October 07, 2017;http://www.ufcstats.com/event-details/cc5834a495d1ea08;Las Vegas, Nevada, USA
UFC Fight Night: Saint Preux vs. Okami;September 22, 2017;http://www.ufcstats.com/event-details/9211aae062b799d6;Saitama, Saitama, Japan
UFC Fight Night: Rockhold vs. Branch;September 16, 2017;http://www.ufcstats.com/event-details/1979c80150f630c4;Pittsburgh, Pennsylvania, USA
UFC 215: Nunes vs Shevchenko 2;September 09, 2017;http://www.ufcstats.com/event-details/d86e913c548c07c2;Edmonton, Alberta, Canada
UFC Fight Night: Volkov vs. Struve;September 02, 2017;http://www.ufcstats.com/event-details/a3244e3238541482;Rotterdam, Zuid-Holland, Netherlands
UFC Fight Night: Pettis vs. Moreno;August 05, 2017;http://www.ufcstats.com/event-details/f4a031ac205ac580;Mexico City, Distrito Federal, Mexico
UFC 214: Cormier vs. Jones 2;July 29, 2017;http://www.ufcstats.com/event-details/ff9578cdbfabd323;Anaheim, California, USA
UFC Fight Night: Weidman vs. Gastelum;July 22, 2017;http://www.ufcstats.com/event-details/9f3d6ddef3d3cccc;Uniondale, New York, USA
UFC Fight Night: Nelson vs. Ponzinibbio;July 16, 2017;http://www.ufcstats.com/event-details/d7907a9a968e4d29;Glasgow, Scotland, United Kingdom
UFC 213: Romero vs. Whittaker;July 08, 2017;http://www.ufcstats.com/event-details/686cccbf1a4de453;Las Vegas, Nevada, USA
The Ultimate Fighter: Redemption Finale;July 07, 2017;http://www.ufcstats.com/event-details/23bd78c3f89bdb54;Las Vegas, Nevada, USA
UFC Fight Night: Chiesa vs. Lee;June 25, 2017;http://www.ufcstats.com/event-details/99bf06f20491cb54;Oklahoma City, Oklahoma, USA
UFC Fight Night: Holm vs. Correia;June 17, 2017;http://www.ufcstats.com/event-details/353de740bb6c7e75;Kallang, Singapore
UFC Fight Night: Lewis vs. Hunt;June 10, 2017;http://www.ufcstats.com/event-details/90e7447d8b7f3f35;Auckland, New Zealand
UFC 212: Aldo vs. Holloway;June 03, 2017;http://www.ufcstats.com/event-details/1507214bbc7a79e2;Rio de Janeiro, Rio de Janeiro, Brazil
UFC Fight Night: Gustafsson vs. Teixeira;May 28, 2017;http://www.ufcstats.com/event-details/1c7cce2f5c17160d;Stockholm, Sweden
UFC 211: Miocic vs. Dos Santos;May 13, 2017;http://www.ufcstats.com/event-details/5df10509264586e5;Dallas, Texas, USA
UFC Fight Night: Swanson vs. Lobov;April 22, 2017;http://www.ufcstats.com/event-details/bc7f7f0ba3db74d2;Nashville, Tennessee, USA
UFC on FOX: Johnson vs. Reis;April 15, 2017;http://www.ufcstats.com/event-details/ed069a95aaaf4f56;Kansas City, Missouri, USA
UFC 210: Cormier vs. Johnson 2;April 08, 2017;http://www.ufcstats.com/event-details/e7bfdb5e0112891e;Buffalo, New York, USA
UFC Fight Night: Manuwa vs. Anderson;March 18, 2017;http://www.ufcstats.com/event-details/c0231720fe516994;London, England, United Kingdom
UFC Fight Night: Belfort vs. Gastelum;March 11, 2017;http://www.ufcstats.com/event-details/47b7e4e60813b7b2;Fortaleza, Ceara, Brazil
UFC 209: Woodley vs. Thompson 2;March 04, 2017;http://www.ufcstats.com/event-details/20e403a1acfef130;Las Vegas, Nevada, USA
UFC Fight Night: Lewis vs. Browne;February 19, 2017;http://www.ufcstats.com/event-details/b4ad3a06ee4d660c;Halifax, Nova Scotia, Canada
UFC 208: Holm vs. De Randamie;February 11, 2017;http://www.ufcstats.com/event-details/865aa315ea62c511;Brooklyn, New York, USA
UFC Fight Night: Bermudez vs. The Korean Zombie;February 04, 2017;http://www.ufcstats.com/event-details/6a8a06b542e1516d;Houston, Texas, USA
UFC on FOX: Shevchenko vs. Pena;January 28, 2017;http://www.ufcstats.com/event-details/4512e46543b960ad;Denver, Colorado, USA
UFC Fight Night: Rodriguez vs. Penn;January 15, 2017;http://www.ufcstats.com/event-details/46effbd1135423c5;Phoenix, Arizona, USA
UFC 207: Nunes vs. Rousey;December 30, 2016;http://www.ufcstats.com/event-details/4b2390cfaceb91d8;Las Vegas, Nevada, USA
UFC on FOX: VanZant vs. Waterson;December 17, 2016;http://www.ufcstats.com/event-details/32541eb5d12668b4;Sacramento, California, USA
UFC 206: Holloway vs. Pettis;December 10, 2016;http://www.ufcstats.com/event-details/6e3282d57d2467a0;Toronto, Ontario, Canada
UFC Fight Night: Lewis vs. Abdurakhimov;December 09, 2016;http://www.ufcstats.com/event-details/7139cd2ae4bf6a29;Albany, New York, USA
The Ultimate Fighter: Tournament of Champions Finale;December 03, 2016;http://www.ufcstats.com/event-details/bd4389b71fdc0ce2;Las Vegas, Nevada, USA
UFC Fight Night: Whittaker vs. Brunson;November 26, 2016;http://www.ufcstats.com/event-details/73e09f837f3b5ecc;Melbourne, Victoria, Australia
UFC Fight Night: Bader vs. Nogueira;November 19, 2016;http://www.ufcstats.com/event-details/5cde96e0a1a1fffe;Sao Paulo, Sao Paulo, Brazil
UFC Fight Night: Mousasi vs. Hall 2;November 19, 2016;http://www.ufcstats.com/event-details/6810d8d2dd557cf9;Belfast, Northern Ireland, United Kingdom
UFC 205: Alvarez vs McGregor;November 12, 2016;http://www.ufcstats.com/event-details/4956f60b7fa57c1a;New York City, New York, USA
UFC Fight Night: Dos Anjos vs. Ferguson;November 05, 2016;http://www.ufcstats.com/event-details/6083f497c22cc075;Mexico City, Distrito Federal, Mexico
UFC 204: Bisping vs. Henderson;October 08, 2016;http://www.ufcstats.com/event-details/154a6b3ffae264cd;Manchester, England, United Kingdom
UFC Fight Night: Lineker vs. Dodson;October 01, 2016;http://www.ufcstats.com/event-details/a196332ee4aa8a82;Portland, Oregon, USA
UFC Fight Night: Cyborg vs. Lansberg;September 24, 2016;http://www.ufcstats.com/event-details/e18012194473e8b0;Brasilia, Distrito Federal, Brazil
UFC Fight Night: Poirier vs. Johnson;September 17, 2016;http://www.ufcstats.com/event-details/d6455cb4bee503ce;Hidalgo, Texas, USA
UFC 203: Miocic vs. Overeem;September 10, 2016;http://www.ufcstats.com/event-details/2dc7f1762dc0a7ef;Cleveland, Ohio, USA
UFC Fight Night: Arlovski vs. Barnett;September 03, 2016;http://www.ufcstats.com/event-details/2b4faacc16d66898;Hamburg, Hamburg, Germany
UFC on FOX: Maia vs. Condit;August 27, 2016;http://www.ufcstats.com/event-details/cfbccfed4e4796fe;Vancouver, British Columbia, Canada
UFC 202: Diaz vs. McGregor 2;August 20, 2016;http://www.ufcstats.com/event-details/5da4e8dc02e50ac0;Las Vegas, Nevada, USA
UFC Fight Night: Rodriguez vs. Caceres;August 06, 2016;http://www.ufcstats.com/event-details/232c582f29f8f65e;Salt Lake City, Utah, USA
UFC 201: Lawler vs. Woodley;July 30, 2016;http://www.ufcstats.com/event-details/72cbe507644a587c;Atlanta, Georgia, USA
UFC on FOX: Holm vs. Shevchenko;July 23, 2016;http://www.ufcstats.com/event-details/8a028648f3f0761d;Chicago, Illinois, USA
UFC Fight Night: McDonald vs. Lineker;July 13, 2016;http://www.ufcstats.com/event-details/5e7a28f20927d64a;Sioux Falls, South Dakota, USA
UFC 200: Tate vs Nunes;July 09, 2016;http://www.ufcstats.com/event-details/aa5b4eff51bdc7d1;Las Vegas, Nevada, USA
The Ultimate Fighter: Team Joanna vs. Team Cláudia Finale;July 08, 2016;http://www.ufcstats.com/event-details/cd42bbe8887bba90;Las Vegas, Nevada, USA
UFC Fight Night: Dos Anjos vs. Alvarez;July 07, 2016;http://www.ufcstats.com/event-details/45a2ba3ef82b9700;Las Vegas, Nevada, USA
UFC Fight Night: MacDonald vs Thompson;June 18, 2016;http://www.ufcstats.com/event-details/563d051c9e769b24;Ottawa, Ontario, Canada
UFC 199: Rockhold vs. Bisping 2;June 04, 2016;http://www.ufcstats.com/event-details/ff4c3ab594c7fac3;Los Angeles, California, USA
UFC Fight Night: Almeida vs Garbrandt;May 29, 2016;http://www.ufcstats.com/event-details/990060b2a68a7b82;Las Vegas, Nevada, USA
UFC 198: Werdum vs Miocic;May 14, 2016;http://www.ufcstats.com/event-details/a4bf17bd3ba3423b;Curitiba, Parana, Brazil
UFC Fight Night: Overeem vs Arlovski;May 08, 2016;http://www.ufcstats.com/event-details/a314687f372b2cec;Rotterdam, Zuid-Holland, Netherlands
UFC 197: Jones vs Saint Preux;April 23, 2016;http://www.ufcstats.com/event-details/3d481aa374c954a1;Las Vegas, Nevada, USA
UFC on FOX: Teixeira vs Evans;April 16, 2016;http://www.ufcstats.com/event-details/e7e970d508529bf3;Tampa, Florida, USA
UFC Fight Night: Rothwell vs Dos Santos;April 10, 2016;http://www.ufcstats.com/event-details/4887e5bc4dbb73ff;Zagreb, Croatia
UFC Fight Night: Hunt vs Mir;March 19, 2016;http://www.ufcstats.com/event-details/e60201cfab7d656d;Brisbane, Queensland, Australia
UFC 196: McGregor vs Diaz;March 05, 2016;http://www.ufcstats.com/event-details/db1f2ed63b54b9a7;Las Vegas, Nevada, USA
UFC Fight Night: Silva vs Bisping;February 27, 2016;http://www.ufcstats.com/event-details/39c568f8c579913e;London, England, United Kingdom
UFC Fight Night: Cowboy vs Cowboy;February 21, 2016;http://www.ufcstats.com/event-details/d56bb6dff2ae77eb;Pittsburgh, Pennsylvania, USA
UFC Fight Night: Hendricks vs Thompson;February 06, 2016;http://www.ufcstats.com/event-details/de99da2c0d18d34a;Las Vegas, Nevada, USA
UFC on FOX: Johnson vs. Bader;January 30, 2016;http://www.ufcstats.com/event-details/b3fb8d2293e17a59;Newark, New Jersey, USA
UFC Fight Night: Dillashaw vs Cruz;January 17, 2016;http://www.ufcstats.com/event-details/c6becb722706c7d8;Boston, Massachusetts, USA
UFC 195: Lawler vs Condit;January 02, 2016;http://www.ufcstats.com/event-details/380e8b023290d091;Las Vegas, Nevada, USA
UFC on FOX: Dos Anjos vs. Cowboy 2;December 19, 2015;http://www.ufcstats.com/event-details/80d918336163b80c;Orlando, Florida, USA
UFC 194: Aldo vs McGregor;December 12, 2015;http://www.ufcstats.com/event-details/354808cf38d9d73c;Las Vegas, Nevada, USA
The Ultimate Fighter: Team McGregor vs. Team Faber Finale;December 11, 2015;http://www.ufcstats.com/event-details/20fbff570c678e1c;Las Vegas, Nevada, USA
UFC Fight Night: Namajunas vs. VanZant;December 10, 2015;http://www.ufcstats.com/event-details/dd39f1ca787a3d9d;Las Vegas, Nevada, USA
UFC Fight Night: Henderson vs Masvidal;November 28, 2015;http://www.ufcstats.com/event-details/4d636c3aa1105950;Seoul, South Korea
UFC Fight Night: Magny vs Gastelum;November 21, 2015;http://www.ufcstats.com/event-details/243b07fc65ccbb16;Monterrey, Nuevo Leon, Mexico
UFC 193: Rousey vs Holm;November 14, 2015;http://www.ufcstats.com/event-details/8d04923f2db59b7f;Melbourne, Victoria, Australia
UFC Fight Night: Belfort vs Henderson 3;November 07, 2015;http://www.ufcstats.com/event-details/5345f86680378fc1;Sao Paulo, Sao Paulo, Brazil
UFC Fight Night: Holohan vs Smolka;October 24, 2015;http://www.ufcstats.com/event-details/f3155a94ca420126;Dublin, Leinster, Ireland
UFC 192: Cormier vs Gustafsson;October 03, 2015;http://www.ufcstats.com/event-details/119ebea97e914dcf;Houston, Texas, USA
UFC Fight Night: Barnett vs Nelson;September 26, 2015;http://www.ufcstats.com/event-details/a4dd5c9a75763295;Saitama, Japan
UFC 191: Johnson vs Dodson 2;September 05, 2015;http://www.ufcstats.com/event-details/82f5c81f4e3c3eb5;Las Vegas, Nevada, USA
UFC Fight Night: Holloway vs Oliveira;August 23, 2015;http://www.ufcstats.com/event-details/2ce6541127b0e232;Saskatoon, Saskatchewan, Canada
UFC Fight Night: Teixeira vs Saint Preux;August 08, 2015;http://www.ufcstats.com/event-details/b71667c778b6d9e5;Nashville, Tennessee, USA
UFC 190: Rousey vs Correia;August 01, 2015;http://www.ufcstats.com/event-details/a9c45a8b21eabadc;Rio de Janeiro, Rio de Janeiro, Brazil
UFC on FOX: Dillashaw vs. Barao II;July 25, 2015;http://www.ufcstats.com/event-details/0c3838c8f7c620c2;Chicago, Illinois, USA
UFC Fight Night: Bisping vs Leites;July 18, 2015;http://www.ufcstats.com/event-details/ef7fa30364cbe7f2;Glasgow, Scotland, United Kingdom
UFC Fight Night: Mir vs Duffee;July 15, 2015;http://www.ufcstats.com/event-details/36877f0e62b25b96;San Diego, California, USA
The Ultimate Fighter: American Top Team vs. Blackzilians Finale;July 12, 2015;http://www.ufcstats.com/event-details/a890f9a791ed615d;Las Vegas, Nevada, USA
UFC 189: Mendes vs McGregor;July 11, 2015;http://www.ufcstats.com/event-details/3be081c29bf734d9;Las Vegas, Nevada, USA
UFC Fight Night: Machida vs Romero;June 27, 2015;http://www.ufcstats.com/event-details/86e388ed20761ad9;Hollywood, Florida, USA
UFC Fight Night: Jedrzejczyk vs Penne;June 20, 2015;http://www.ufcstats.com/event-details/194fc025f9355db6;Berlin, Berlin, Germany
UFC 188: Velasquez vs Werdum;June 13, 2015;http://www.ufcstats.com/event-details/a58114c6dd0add64;Mexico City, Distrito Federal, Mexico
UFC Fight Night: Boetsch vs Henderson;June 06, 2015;http://www.ufcstats.com/event-details/06dc1a58663579d2;New Orleans, Louisiana, USA
UFC Fight Night: Condit vs Alves;May 30, 2015;http://www.ufcstats.com/event-details/aae0897825336b1a;Goiania, Goias, Brazil
UFC 187: Johnson vs Cormier;May 23, 2015;http://www.ufcstats.com/event-details/4f7e290e71d60f87;Las Vegas, Nevada, USA
UFC Fight Night: Edgar vs Faber;May 16, 2015;http://www.ufcstats.com/event-details/b1605ea39fba6af6;Manila, Philippines
UFC Fight Night: Miocic vs Hunt;May 09, 2015;http://www.ufcstats.com/event-details/8a1b4330c7957961;Adelaide, South Australia, Australia
UFC 186: Johnson vs Horiguchi;April 25, 2015;http://www.ufcstats.com/event-details/997b4f52f76a0b53;Montreal, Quebec, Canada
UFC on FOX: Machida vs Rockhold;April 18, 2015;http://www.ufcstats.com/event-details/bc7cf284c1c2f16e;Newark, New Jersey, USA
UFC Fight Night: Gonzaga vs Cro Cop 2;April 11, 2015;http://www.ufcstats.com/event-details/5de61b03868035ff;Krakow, Poland
UFC Fight Night: Mendes vs Lamas;April 04, 2015;http://www.ufcstats.com/event-details/16d09e800ad7ec79;Fairfax, Virginia, USA
UFC Fight Night: Maia vs LaFlare;March 21, 2015;http://www.ufcstats.com/event-details/fa534853eb195270;Rio de Janeiro, Brazil
UFC 185: Pettis vs Dos Anjos;March 14, 2015;http://www.ufcstats.com/event-details/f54200f1dfb9b5d4;Dallas, Texas, USA
UFC 184: Rousey vs Zingano;February 28, 2015;http://www.ufcstats.com/event-details/ad4e9055bf8cd04d;Los Angeles, California, USA
UFC Fight Night: Bigfoot vs Mir;February 22, 2015;http://www.ufcstats.com/event-details/0577808d22dfe79c;Porto Alegre, Rio Grande do Sul, Brazil
UFC Fight Night: Henderson vs Thatch;February 14, 2015;http://www.ufcstats.com/event-details/f9c7fe2682af3802;Broomfield, Colorado, USA
UFC 183: Silva vs Diaz;January 31, 2015;http://www.ufcstats.com/event-details/43563a32c3f10e95;Las Vegas, Nevada, USA
UFC on FOX: Gustafsson vs Johnson;January 24, 2015;http://www.ufcstats.com/event-details/706404da0775dcbc;Stockholm, Sweden
UFC Fight Night: McGregor vs Siver;January 18, 2015;http://www.ufcstats.com/event-details/f9aa6376ae16bfb4;Boston, Massachusetts, USA
UFC 182: Jones vs Cormier;January 03, 2015;http://www.ufcstats.com/event-details/a72d260b436924c4;Las Vegas, Nevada, USA
UFC Fight Night: Machida vs Dollaway;December 20, 2014;http://www.ufcstats.com/event-details/4e5bbc4566049cbf;Barueri, Sao Paulo, Brazil
UFC on FOX: Dos Santos vs Miocic;December 13, 2014;http://www.ufcstats.com/event-details/d4a12dfa4067742f;Phoenix, Arizona, USA
The Ultimate Fighter: A Champion Will Be Crowned Finale;December 12, 2014;http://www.ufcstats.com/event-details/222d6b547de2e035;Las Vegas, Nevada, USA
UFC 181: Hendricks vs Lawler II;December 06, 2014;http://www.ufcstats.com/event-details/dfdd0c5dd0d4bc23;Las Vegas, Nevada, USA
UFC Fight Night: Edgar vs Swanson;November 22, 2014;http://www.ufcstats.com/event-details/155a02a8b4311057;Austin, Texas, USA
UFC 180: Werdum vs Hunt;November 15, 2014;http://www.ufcstats.com/event-details/59851163aaf1aed8;Mexico City, Distrito Federal, Mexico
UFC Fight Night 56: Shogun vs Saint Preux;November 08, 2014;http://www.ufcstats.com/event-details/6ca68b636fbc1f18;Uberlandia, Minas Gerais, Brazil
UFC Fight Night: Rockhold vs Bisping;November 07, 2014;http://www.ufcstats.com/event-details/371a1c91b24dec2b;Sydney, New South Wales, Australia
UFC 179: Aldo vs Mendes 2;October 25, 2014;http://www.ufcstats.com/event-details/53f02bbc41d99432;Rio de Janeiro, Brazil
UFC Fight Night: MacDonald vs Saffiedine;October 04, 2014;http://www.ufcstats.com/event-details/0313bf497de9c470;Halifax, Nova Scotia, Canada
UFC Fight Night: Nelson vs Story;October 04, 2014;http://www.ufcstats.com/event-details/8dc4f34c1f50d00d;Stockholm, Sweden
UFC 178: Johnson vs Cariaso;September 27, 2014;http://www.ufcstats.com/event-details/3bb030257966b022;Las Vegas, Nevada, USA
UFC Fight Night: Hunt vs Nelson;September 20, 2014;http://www.ufcstats.com/event-details/2dea80c069847321;Saitama, Japan
UFC Fight Night: Bigfoot vs Arlovski;September 13, 2014;http://www.ufcstats.com/event-details/a71feb7ea7592a71;Brasilia, Distrito Federal, Brazil
UFC Fight Night: Jacare vs Mousasi;September 05, 2014;http://www.ufcstats.com/event-details/9bcfb40dbcd50568;Ledyard, Connecticut, USA
UFC 177: Dillashaw vs Soto;August 30, 2014;http://www.ufcstats.com/event-details/269d103c96a4c3a5;Sacramento, California, USA
UFC Fight Night: Henderson vs Dos Anjos;August 23, 2014;http://www.ufcstats.com/event-details/063649e21bc9d6d5;Tulsa, Oklahoma, USA
UFC Fight Night: Bisping vs Le;August 23, 2014;http://www.ufcstats.com/event-details/770b9d4813c25902;Macau, China
UFC Fight Night: Bader vs Saint Preux;August 16, 2014;http://www.ufcstats.com/event-details/fd7acf42bd6e7e95;Bangor, Maine, USA
UFC on FOX: Lawler vs Brown;July 26, 2014;http://www.ufcstats.com/event-details/05fbfe628658c538;San Jose, California, USA
UFC Fight Night: McGregor vs Brandao;July 19, 2014;http://www.ufcstats.com/event-details/073eee4e62f0d988;Dublin, Leinster, Ireland
UFC Fight Night: Cowboy vs Miller;July 16, 2014;http://www.ufcstats.com/event-details/79ded75550efc139;Atlantic City, New Jersey, USA
The Ultimate Fighter: Team Edgar vs. Team Penn Finale;July 06, 2014;http://www.ufcstats.com/event-details/1c5879330d42255f;Las Vegas, Nevada, USA
UFC 175: Weidman vs Machida;July 05, 2014;http://www.ufcstats.com/event-details/53adf5b845d91e4a;Las Vegas, Nevada, USA
UFC Fight Night: Swanson vs Stephens;June 28, 2014;http://www.ufcstats.com/event-details/c0ed7b208197e8de;San Antonio, Texas, USA
UFC Fight Night: Te Huna vs Marquardt;June 28, 2014;http://www.ufcstats.com/event-details/ac9521250dc1a14c;Auckland, New Zealand
UFC 174: Johnson vs Bagautinov;June 14, 2014;http://www.ufcstats.com/event-details/5b5307450405abf0;Vancouver, British Columbia, Canada
UFC Fight Night: Henderson vs Khabilov;June 07, 2014;http://www.ufcstats.com/event-details/1fcfc3709fe58151;Albuquerque, New Mexico, USA
UFC Fight Night: Miocic vs Maldonado;May 31, 2014;http://www.ufcstats.com/event-details/59aaf2730b84698a;Sao Paulo, Brazil
UFC Fight Night: Munoz vs Mousasi;May 31, 2014;http://www.ufcstats.com/event-details/b757c73f443d4fca;Berlin, Germany
UFC 173: Barao vs Dillashaw;May 24, 2014;http://www.ufcstats.com/event-details/9ca265dfe8323db3;Las Vegas, Nevada, USA
UFC Fight Night: Brown vs Silva;May 10, 2014;http://www.ufcstats.com/event-details/579fcdfcabd23a7b;Cincinnati, Ohio, USA
UFC 172: Jones vs Teixeira;April 26, 2014;http://www.ufcstats.com/event-details/4f2fcbefb668689d;Baltimore, Maryland, USA
UFC on FOX: Werdum vs Browne;April 19, 2014;http://www.ufcstats.com/event-details/a421465acbe59c77;Orlando, Florida, USA
UFC Fight Night: Bisping vs Kennedy;April 16, 2014;http://www.ufcstats.com/event-details/f9f07bb5a43535ed;Quebec City, Quebec, Canada
UFC Fight Night: Minotauro vs Nelson;April 11, 2014;http://www.ufcstats.com/event-details/d632d156c0549e07;Abu Dhabi, United Arab Emirates
UFC Fight Night: Shogun vs Henderson 2;March 23, 2014;http://www.ufcstats.com/event-details/d5f820c11a121050;Natal, Rio Grande do Norte, Brazil
UFC 171: Hendricks vs Lawler;March 15, 2014;http://www.ufcstats.com/event-details/179f1948dc234f1f;Dallas, Texas, USA
UFC Fight Night: Gustafsson vs Manuwa;March 08, 2014;http://www.ufcstats.com/event-details/ebc1f40e00e0c481;London, England, United Kingdom
UFC Fight Night: Kim vs Hathaway;March 01, 2014;http://www.ufcstats.com/event-details/a26198ba5093147e;Macau, China
UFC 170: Rousey vs McMann;February 22, 2014;http://www.ufcstats.com/event-details/3138fab619faf4d1;Las Vegas, Nevada, USA
UFC Fight Night: Machida vs Mousasi;February 15, 2014;http://www.ufcstats.com/event-details/51b0bb73a1da34bc;Jaragua do Sul, Santa Catarina, Brazil
UFC 169: Barao vs Faber 2;February 01, 2014;http://www.ufcstats.com/event-details/fc31f896cde2bc2e;Newark, New Jersey, USA
UFC on FOX: Henderson vs Thomson;January 25, 2014;http://www.ufcstats.com/event-details/a8d521d913df4e31;Chicago, Illinois, USA
UFC Fight Night: Rockhold vs Philippou;January 15, 2014;http://www.ufcstats.com/event-details/30a09e43f15f1d75;Duluth, Georgia, USA
UFC Fight Night: Saffiedine vs Lim;January 04, 2014;http://www.ufcstats.com/event-details/e5c9de15bb58b1c6;Singapore, Singapore
UFC 168: Weidman vs Silva 2;December 28, 2013;http://www.ufcstats.com/event-details/83d0de122f2f9664;Las Vegas, Nevada, USA
UFC on FOX: Johnson vs. Benavidez 2;December 14, 2013;http://www.ufcstats.com/event-details/480b702debcb5433;Sacramento, California, USA
UFC Fight Night: Hunt vs Bigfoot;December 06, 2013;http://www.ufcstats.com/event-details/ee457ef1e1c326c1;Brisbane, Queensland, Australia
The Ultimate Fighter: Team Rousey vs. Team Tate Finale;November 30, 2013;http://www.ufcstats.com/event-details/9a967e8e43dcef63;Las Vegas, Nevada, USA
UFC 167: St-Pierre vs Hendricks;November 16, 2013;http://www.ufcstats.com/event-details/28f3c2258a1d8874;Las Vegas, Nevada, USA
UFC Fight Night: Belfort vs Henderson 2;November 09, 2013;http://www.ufcstats.com/event-details/5d7c18191b8aa432;Goiania, Goias, Brazil
UFC Fight Night: Fight for the Troops 3;November 06, 2013;http://www.ufcstats.com/event-details/35dc6220b113b7ec;Fort Campbell, Kentucky, USA
UFC Fight Night: Machida vs Munoz;October 26, 2013;http://www.ufcstats.com/event-details/60884f31ead1609c;Manchester, England, United Kingdom
UFC 166: Velasquez vs Dos Santos 3;October 19, 2013;http://www.ufcstats.com/event-details/eae4aec1a5a8ff01;Houston, Texas, USA
UFC Fight Night: Maia vs Shields;October 09, 2013;http://www.ufcstats.com/event-details/43612456979e5d5e;Barueri, Sao Paulo, Brazil
UFC 165: Jones vs Gustafsson;September 21, 2013;http://www.ufcstats.com/event-details/df5a77121ba84a5d;Toronto, Ontario, Canada
UFC Fight Night: Teixeira vs Bader;September 04, 2013;http://www.ufcstats.com/event-details/b23fca14c7b79935;Belo Horizonte, Minas Gerais, Brazil
UFC 164: Henderson vs Pettis 2;August 31, 2013;http://www.ufcstats.com/event-details/980b4e712489098e;Milwaukee, Wisconsin, USA
UFC Fight Night: Condit vs Kampmann 2;August 28, 2013;http://www.ufcstats.com/event-details/e5c38954c006f15c;Indianapolis, Indiana, USA
UFC Fight Night: Shogun vs Sonnen;August 17, 2013;http://www.ufcstats.com/event-details/cf1a88371c8cb690;Boston, Massachusetts, USA
UFC 163: Aldo vs Jung;August 03, 2013;http://www.ufcstats.com/event-details/ebc5af72ad5a28cb;Rio de Janeiro, Brazil
UFC on FOX: Johnson vs Moraga;July 27, 2013;http://www.ufcstats.com/event-details/5330fe7e4c3af81c;Seattle, Washington, USA
UFC 162: Silva vs Weidman;July 06, 2013;http://www.ufcstats.com/event-details/e0b74df14f52cd15;Las Vegas, Nevada, USA
UFC 161: Evans vs Henderson;June 15, 2013;http://www.ufcstats.com/event-details/8fd1f27e86661ede;Winnipeg, Manitoba, Canada
UFC on FUEL TV: Nogueira vs. Werdum;June 08, 2013;http://www.ufcstats.com/event-details/7865707fd684d77b;Fortaleza, Ceara, Brazil
UFC 160: Velasquez vs Silva 2;May 25, 2013;http://www.ufcstats.com/event-details/3c241737a6069b9f;Las Vegas, Nevada, USA
UFC on FX: Belfort vs. Rockhold;May 18, 2013;http://www.ufcstats.com/event-details/030f08370fd1c2bb;Jaragua do Sul, Santa Catarina, Brazil
UFC 159: Jones vs Sonnen;April 27, 2013;http://www.ufcstats.com/event-details/ea0ad155451ed1f5;Newark, New Jersey, USA
UFC on FOX: Henderson vs Melendez;April 20, 2013;http://www.ufcstats.com/event-details/aa79d5399571068e;San Jose, California, USA
The Ultimate Fighter: Team Jones vs. Team Sonnen Finale;April 13, 2013;http://www.ufcstats.com/event-details/ce47f49e5c386a9c;Las Vegas, Nevada, USA
UFC on FUEL TV: Mousasi vs Latifi;April 06, 2013;http://www.ufcstats.com/event-details/6291ac0a3726732f;Stockholm, Sweden
UFC 158: St-Pierre vs Diaz;March 16, 2013;http://www.ufcstats.com/event-details/f1b2a4365799c48b;Montreal, Quebec, Canada
UFC on FUEL TV: Silva vs. Stann;March 02, 2013;http://www.ufcstats.com/event-details/83c6c3e0f8bde8ee;Saitama, Japan
UFC 157: Rousey vs Carmouche;February 23, 2013;http://www.ufcstats.com/event-details/09c44b317c98bf96;Anaheim, California, USA
UFC on FUEL TV: Barao vs McDonald;February 16, 2013;http://www.ufcstats.com/event-details/4679a38cced7c64a;London, England, United Kingdom
UFC 156: Aldo vs Edgar;February 02, 2013;http://www.ufcstats.com/event-details/601cf40c09090853;Las Vegas, Nevada, USA
UFC on FOX: Johnson vs Dodson;January 26, 2013;http://www.ufcstats.com/event-details/738acab0c6934dd8;Chicago, Illinois, USA
UFC on FX: Belfort vs Bisping;January 19, 2013;http://www.ufcstats.com/event-details/56f4b81ec4db61af;Sao Paulo, Brazil
UFC 155: Dos Santos vs Velasquez II;December 29, 2012;http://www.ufcstats.com/event-details/c6e6926a81adcd00;Las Vegas, Nevada, USA
The Ultimate Fighter: Team Carwin vs. Team Nelson Finale;December 15, 2012;http://www.ufcstats.com/event-details/c6da1c24fe473418;Las Vegas, Nevada, USA
UFC on FX: Sotiropoulos vs Pearson;December 14, 2012;http://www.ufcstats.com/event-details/e8c170a64dc920ac;Gold Coast, Queensland, Australia
UFC on FOX: Henderson vs Diaz;December 08, 2012;http://www.ufcstats.com/event-details/d1e6a6536ee62517;Seattle, Washington, USA
UFC 154: St-Pierre vs Condit;November 17, 2012;http://www.ufcstats.com/event-details/d41937647eae9a34;Montreal, Quebec, Canada
UFC Macao: Franklin vs Le;November 10, 2012;http://www.ufcstats.com/event-details/319fa1bd3176bded;Macau, China
UFC 153: Silva vs Bonnar;October 13, 2012;http://www.ufcstats.com/event-details/96d173b7f92aa520;Rio de Janeiro, Brazil
UFC on FX: Browne vs Bigfoot;October 05, 2012;http://www.ufcstats.com/event-details/6a0b80a24f22e152;Minneapolis, Minnesota, USA
UFC on FUEL TV: Struve vs Miocic;September 29, 2012;http://www.ufcstats.com/event-details/6cbb7661c3258617;Nottingham, England, United Kingdom
UFC 152: Jones vs Belfort;September 22, 2012;http://www.ufcstats.com/event-details/53e533db1b8e9712;Toronto, Ontario, Canada
UFC 150: Henderson vs Edgar II;August 11, 2012;http://www.ufcstats.com/event-details/3c48019bc387b80c;Denver, Colorado, USA
UFC on FOX: Shogun vs Vera;August 04, 2012;http://www.ufcstats.com/event-details/f62850b3c7480db9;Los Angeles, California, USA
UFC 149: Faber vs Barao;July 21, 2012;http://www.ufcstats.com/event-details/abbc4fc02e0d84b3;Calgary, Alberta, Canada
UFC on FUEL TV: Munoz vs Weidman;July 11, 2012;http://www.ufcstats.com/event-details/d3b5ad3b15a64a18;San Jose, California, USA
UFC 148: Silva vs Sonnen 2;July 07, 2012;http://www.ufcstats.com/event-details/e8efeb9cf33b1941;Las Vegas, Nevada, USA
UFC 147: Silva vs Franklin 2;June 23, 2012;http://www.ufcstats.com/event-details/3da19339ee7051d5;Belo Horizonte, Minas Gerais, Brazil
UFC on FX: Maynard vs Guida;June 22, 2012;http://www.ufcstats.com/event-details/505934897b8b4824;Atlantic City, New Jersey, USA
UFC on FX: Johnson vs McCall;June 08, 2012;http://www.ufcstats.com/event-details/49590e0508b2c19f;Sunrise, Florida, USA
The Ultimate Fighter: Live Finale;June 01, 2012;http://www.ufcstats.com/event-details/96087e90d900f0ef;Las Vegas, Nevada, USA
UFC 146: Dos Santos vs Mir;May 26, 2012;http://www.ufcstats.com/event-details/4985113c0928aa62;Las Vegas, Nevada, USA
UFC on FUEL TV: Korean Zombie vs Poirier;May 15, 2012;http://www.ufcstats.com/event-details/8caca5857ce0e30b;Fairfax, Virginia, USA
UFC on FOX: Diaz vs Miller;May 05, 2012;http://www.ufcstats.com/event-details/5898357a45a73674;East Rutherford, New Jersey, USA
UFC 145: Jones vs Evans;April 21, 2012;http://www.ufcstats.com/event-details/155bfc7ed36622df;Atlanta, Georgia, USA
UFC on FUEL TV: Gustafsson vs Silva;April 14, 2012;http://www.ufcstats.com/event-details/21f2974fd08085e3;Stockholm, Sweden
UFC on FX: Alves vs Kampmann;March 02, 2012;http://www.ufcstats.com/event-details/b5ea750025697880;Sydney, New South Wales, Australia
UFC 144: Edgar vs Henderson;February 25, 2012;http://www.ufcstats.com/event-details/8377c5572cb356f3;Saitama, Japan
UFC on FUEL TV: Sanchez vs Ellenberger;February 15, 2012;http://www.ufcstats.com/event-details/0a97691039c4bbfb;Omaha, Nebraska, USA
UFC 143: Diaz vs Condit;February 04, 2012;http://www.ufcstats.com/event-details/df2cf66d8c0123db;Las Vegas, Nevada, USA
UFC on FOX: Evans vs Davis;January 28, 2012;http://www.ufcstats.com/event-details/c3c23c99477c041b;Chicago, Illinois, USA
UFC on FX: Guillard vs Miller;January 20, 2012;http://www.ufcstats.com/event-details/4d74641fac830182;Nashville, Tennessee, USA
UFC 142: Aldo vs Mendes;January 14, 2012;http://www.ufcstats.com/event-details/18524b46c570730b;Rio de Janeiro, Brazil
UFC 141: Lesnar vs Overeem;December 30, 2011;http://www.ufcstats.com/event-details/91720876db0ee468;Las Vegas, Nevada, USA
UFC 140: Jones vs Machida;December 10, 2011;http://www.ufcstats.com/event-details/6d7886b094b471ac;Toronto, Ontario, Canada
The Ultimate Fighter: Team Bisping vs Team Miller Finale;December 03, 2011;http://www.ufcstats.com/event-details/1f5f75658551f2d3;Las Vegas, Nevada, USA
UFC 139: Shogun vs Henderson;November 19, 2011;http://www.ufcstats.com/event-details/0ec821423baa26bd;San Jose, California, USA
UFC on FOX: Velasquez vs Dos Santos;November 12, 2011;http://www.ufcstats.com/event-details/1c061eb6e29eaa0a;Anaheim, California, USA
UFC 138: Leben vs Munoz;November 05, 2011;http://www.ufcstats.com/event-details/e780ccc79a209985;Birmingham, England, United Kingdom
UFC 137: Penn vs Diaz;October 29, 2011;http://www.ufcstats.com/event-details/8788beb528894f33;Las Vegas, Nevada, USA
UFC 136: Edgar vs Maynard 3;October 08, 2011;http://www.ufcstats.com/event-details/7d5b12de1625984e;Houston, Texas, USA
UFC Live: Cruz vs Johnson;October 01, 2011;http://www.ufcstats.com/event-details/44f9c777fed7ca03;Washington, DC, USA
UFC 135: Jones vs Rampage;September 24, 2011;http://www.ufcstats.com/event-details/73ef22f25d0f70e2;Denver, Colorado, USA
UFC Fight Night: Shields vs Ellenberger;September 17, 2011;http://www.ufcstats.com/event-details/1ffc38f67785797b;New Orleans, Louisiana, USA
UFC 134: Silva vs Okami;August 27, 2011;http://www.ufcstats.com/event-details/18968f97ad34f15c;Rio de Janeiro, Brazil
UFC Live: Hardy vs Lytle;August 14, 2011;http://www.ufcstats.com/event-details/4c8d6fde2dde07c4;Milwaukee, Wisconsin, USA
UFC 133: Evans vs Ortiz 2;August 06, 2011;http://www.ufcstats.com/event-details/f1f9e48a0d150757;Philadelphia, Pennsylvania, USA
UFC 132: Cruz vs Faber;July 02, 2011;http://www.ufcstats.com/event-details/83fd97284f4bb4a4;Las Vegas, Nevada, USA
UFC Live: Kongo vs Barry;June 26, 2011;http://www.ufcstats.com/event-details/d023ae89a2a4a41e;Pittsburgh, Pennsylvania, USA
UFC 131: Dos Santos vs Carwin;June 11, 2011;http://www.ufcstats.com/event-details/aac5ac38148f0528;Vancouver, British Columbia, Canada
The Ultimate Fighter: Team Lesnar vs Team dos Santos Finale;June 04, 2011;http://www.ufcstats.com/event-details/3ba3b5cc94498437;Las Vegas, Nevada, USA
UFC 130: Rampage vs Hamill;May 28, 2011;http://www.ufcstats.com/event-details/b732b326c362fb62;Las Vegas, Nevada, USA
UFC 129: St-Pierre vs Shields;April 30, 2011;http://www.ufcstats.com/event-details/2db7fa8db6bc9632;Toronto, Ontario, Canada
UFC Fight Night: Nogueira vs Davis;March 26, 2011;http://www.ufcstats.com/event-details/8a59d346dc976a10;Seattle, Washington, USA
UFC 128: Shogun vs Jones;March 19, 2011;http://www.ufcstats.com/event-details/1411c630ba711b64;Newark, New Jersey, USA
UFC Live: Sanchez vs Kampmann;March 03, 2011;http://www.ufcstats.com/event-details/a54fc2d6fc224dc3;Louisville, Kentucky, USA
UFC 127: Penn vs Fitch;February 26, 2011;http://www.ufcstats.com/event-details/88a9bc81271ccd89;Sydney, New South Wales, Australia
UFC 126: Silva vs Belfort;February 05, 2011;http://www.ufcstats.com/event-details/65ddc8a9ac4e8531;Las Vegas, Nevada, USA
UFC Fight Night: Fight for the Troops 2;January 22, 2011;http://www.ufcstats.com/event-details/282fa667ff9c51ed;Killeen, Texas, USA
UFC 125: Resolution;January 01, 2011;http://www.ufcstats.com/event-details/d1152823307d7e7c;Las Vegas, Nevada, USA
UFC 124: St-Pierre vs Koscheck 2;December 11, 2010;http://www.ufcstats.com/event-details/132f860d02953f4c;Montreal, Quebec, Canada
The Ultimate Fighter: Team GSP vs Team Koscheck Finale;December 04, 2010;http://www.ufcstats.com/event-details/5d7bdab5e03e3216;Las Vegas, Nevada, USA
UFC 123: Rampage vs Machida;November 20, 2010;http://www.ufcstats.com/event-details/dd992d569aaebee6;Auburn Hills, Michigan, USA
UFC 122: Marquardt vs Okami;November 13, 2010;http://www.ufcstats.com/event-details/0ff11cc094e887bc;Oberhausen, North Rhine-Westphalia, Germany
UFC 121: Lesnar vs Velasquez;October 23, 2010;http://www.ufcstats.com/event-details/afdb76fbd86f6d11;Anaheim, California, USA
UFC 120: Bisping vs Akiyama;October 16, 2010;http://www.ufcstats.com/event-details/d512d9f204059f57;London, England, United Kingdom
UFC 119: Mir vs Cro Cop;September 25, 2010;http://www.ufcstats.com/event-details/ad32471f01e7b1a5;Indianapolis, Indiana, USA
UFC Fight Night: Marquardt vs Palhares;September 15, 2010;http://www.ufcstats.com/event-details/acff437707625fc7;Austin, Texas, USA
UFC 118: Edgar vs Penn 2;August 28, 2010;http://www.ufcstats.com/event-details/054defd5420a551f;Boston, Massachusetts, USA
UFC 117: Silva vs Sonnen;August 07, 2010;http://www.ufcstats.com/event-details/2f3f12002564bb55;Oakland, California, USA
UFC Live: Jones vs Matyushenko;August 01, 2010;http://www.ufcstats.com/event-details/f12f979b657ab876;San Diego, California, USA
UFC 116: Lesnar vs Carwin;July 03, 2010;http://www.ufcstats.com/event-details/140745cbbcb023ac;Las Vegas, Nevada, USA
The Ultimate Fighter: Team Liddell vs Team Ortiz Finale;June 19, 2010;http://www.ufcstats.com/event-details/9bcf8603ceb25680;Las Vegas, Nevada, USA
UFC 115: Liddell vs Franklin;June 12, 2010;http://www.ufcstats.com/event-details/cfb65863d5099327;Vancouver, British Columbia, Canada
UFC 114: Rampage vs Evans;May 29, 2010;http://www.ufcstats.com/event-details/bfc2fc38a0e20211;Las Vegas, Nevada, USA
UFC 113: Machida vs Shogun 2;May 08, 2010;http://www.ufcstats.com/event-details/d0c29452d3272603;Montreal, Quebec, Canada
UFC 112: Invincible;April 10, 2010;http://www.ufcstats.com/event-details/24b033b3daf1c9df;Abu Dhabi, United Arab Emirates
UFC Fight Night: Florian vs Gomi;March 31, 2010;http://www.ufcstats.com/event-details/3ed134d85dfbd7b4;Charlotte, North Carolina, USA
UFC 111: St-Pierre vs Hardy;March 27, 2010;http://www.ufcstats.com/event-details/c80095f6092271a7;Newark, New Jersey, USA
UFC Live: Vera vs Jones;March 21, 2010;http://www.ufcstats.com/event-details/3795fca327cbcf23;Broomfield, Colorado, USA
UFC 110: Nogueira vs Velasquez;February 20, 2010;http://www.ufcstats.com/event-details/49efbdc6c9f650c4;Sydney, New South Wales, Australia
UFC 109: Relentless;February 06, 2010;http://www.ufcstats.com/event-details/15edcf67ccf5be84;Las Vegas, Nevada, USA
UFC Fight Night: Maynard vs Diaz;January 11, 2010;http://www.ufcstats.com/event-details/58bc81376286b3d3;Fairfax, Virginia, USA
UFC 108: Evans vs Silva;January 02, 2010;http://www.ufcstats.com/event-details/a6d8bfe9e0c8153b;Las Vegas, Nevada, USA
UFC 107: Penn vs Sanchez;December 12, 2009;http://www.ufcstats.com/event-details/821cd80aab70d5f9;Memphis, Tennessee, USA
The Ultimate Fighter: Heavyweights Finale;December 05, 2009;http://www.ufcstats.com/event-details/91d73ee59347ac16;Las Vegas, Nevada, USA
UFC 106: Ortiz vs Griffin 2;November 21, 2009;http://www.ufcstats.com/event-details/84a067c46306a737;Las Vegas, Nevada, USA
UFC 105: Couture vs Vera;November 14, 2009;http://www.ufcstats.com/event-details/fa8b9e6b0c2269f8;Manchester, England, United Kingdom
UFC 104: Machida vs Shogun;October 24, 2009;http://www.ufcstats.com/event-details/7c0847d3854a95f2;Los Angeles, California, USA
UFC 103: Franklin vs Belfort;September 19, 2009;http://www.ufcstats.com/event-details/896c322f56b8be5a;Dallas, Texas, USA
UFC Fight Night: Diaz vs Guillard;September 16, 2009;http://www.ufcstats.com/event-details/a8ea84cbe1655f0a;Oklahoma City, Oklahoma, USA
UFC 102: Couture vs Nogueira;August 29, 2009;http://www.ufcstats.com/event-details/c6a33ff198aaaeeb;Portland, Oregon, USA
UFC 101: Declaration;August 08, 2009;http://www.ufcstats.com/event-details/48d1f690b763934c;Philadelphia, Pennsylvania, USA
UFC 100;July 11, 2009;http://www.ufcstats.com/event-details/0ee783aa00e468f0;Las Vegas, Nevada, USA
The Ultimate Fighter: United States vs. United Kingdom Finale;June 20, 2009;http://www.ufcstats.com/event-details/4908c5ee68a50ee5;Las Vegas, Nevada, USA
UFC 99: The Comeback;June 13, 2009;http://www.ufcstats.com/event-details/cb6783c39c01d896;Cologne, North Rhine-Westphalia, Germany
UFC 98: Evans vs Machida;May 23, 2009;http://www.ufcstats.com/event-details/c4b6099f0d25f75e;Las Vegas, Nevada, USA
UFC 97: Redemption;April 18, 2009;http://www.ufcstats.com/event-details/1652f3213655b935;Montreal, Quebec, Canada
UFC Fight Night: Condit vs Kampmann;April 01, 2009;http://www.ufcstats.com/event-details/04d5718ed2661e8c;Nashville, Tennessee, USA
UFC 96: Jackson vs Jardine;March 07, 2009;http://www.ufcstats.com/event-details/29b5791e51e7e832;Columbus, Ohio, USA
UFC 95: Sanchez vs Stevenson;February 21, 2009;http://www.ufcstats.com/event-details/7d21de9c6d7c98b2;London, England, United Kingdom
UFC Fight Night: Lauzon vs Stephens;February 07, 2009;http://www.ufcstats.com/event-details/d1759b2b7be9be56;Tampa, Florida, USA
UFC 94: St-Pierre vs Penn 2;January 31, 2009;http://www.ufcstats.com/event-details/2a542ee8a8b83559;Las Vegas, Nevada, USA
UFC 93: Franklin vs Henderson;January 17, 2009;http://www.ufcstats.com/event-details/68c6cd5287b473a7;Dublin, Leinster, Ireland
UFC 92: The Ultimate 2008;December 27, 2008;http://www.ufcstats.com/event-details/23ab42947c1990e3;Las Vegas, Nevada, USA
The Ultimate Fighter: Team Nogueira vs. Team Mir Finale;December 13, 2008;http://www.ufcstats.com/event-details/ea398c802d9998ee;Las Vegas, Nevada, USA
UFC Fight Night - Fight for the Troops;December 10, 2008;http://www.ufcstats.com/event-details/30cd319d39ee689b;Fayetteville, North Carolina, USA
UFC 91: Couture vs Lesnar;November 15, 2008;http://www.ufcstats.com/event-details/a2b06ca02bca14c0;Las Vegas, Nevada, USA
UFC 90: Silva vs Cote;October 25, 2008;http://www.ufcstats.com/event-details/c670aa48827d6be6;Rosemont, Illinois, USA
UFC 89: Bisping vs Leben;October 18, 2008;http://www.ufcstats.com/event-details/312f47c3d2f83ffa;Birmingham, England, United Kingdom
UFC Fight Night: Diaz vs Neer;September 17, 2008;http://www.ufcstats.com/event-details/279093302a6f44b3;Omaha, Nebraska, USA
UFC 88: Breakthrough;September 06, 2008;http://www.ufcstats.com/event-details/0db70ca89e1c7374;Atlanta, Georgia, USA
UFC 87: Seek And Destroy;August 09, 2008;http://www.ufcstats.com/event-details/19ffeb5e3fffd6d5;Minneapolis, Minnesota, USA
UFC: Silva vs Irvin;July 19, 2008;http://www.ufcstats.com/event-details/46f11d15c0134fe3;Las Vegas, Nevada, USA
UFC 86: Jackson vs Griffin;July 05, 2008;http://www.ufcstats.com/event-details/bf12aca029bfcc47;Las Vegas, Nevada, USA
The Ultimate Fighter: Team Rampage vs Team Forrest Finale;June 21, 2008;http://www.ufcstats.com/event-details/2299605af59fd309;Las Vegas, Nevada, USA
UFC 85: Bedlam;June 07, 2008;http://www.ufcstats.com/event-details/2efbc83a6b9b7f86;London, England, United Kingdom
UFC 84: Ill Will;May 24, 2008;http://www.ufcstats.com/event-details/2549d63da9c456cb;Las Vegas, Nevada, USA
UFC 83: Serra vs St-Pierre 2;April 19, 2008;http://www.ufcstats.com/event-details/ad047e3073a775f3;Montreal, Quebec, Canada
UFC Fight Night: Florian vs Lauzon;April 02, 2008;http://www.ufcstats.com/event-details/b9e871af730f826c;Broomfield, Colorado, USA
UFC 82: Pride of a Champion;March 01, 2008;http://www.ufcstats.com/event-details/598a58db87b890ee;Columbus, Ohio, USA
UFC 81: Breaking Point;February 02, 2008;http://www.ufcstats.com/event-details/597db668b01c442c;Las Vegas, Nevada, USA
UFC Fight Night: Swick vs Burkman;January 23, 2008;http://www.ufcstats.com/event-details/33e33d51f289d2a1;Las Vegas, Nevada, USA
UFC 80: Rapid Fire;January 19, 2008;http://www.ufcstats.com/event-details/a24e080000fa7a35;Newcastle, England, United Kingdom
UFC 79: Nemesis;December 29, 2007;http://www.ufcstats.com/event-details/7269329bd87eb479;Las Vegas, Nevada, USA
The Ultimate Fighter: Team Hughes vs. Team Serra Finale;December 08, 2007;http://www.ufcstats.com/event-details/df85d6ec3493d120;Las Vegas, Nevada, USA
UFC 78: Validation;November 17, 2007;http://www.ufcstats.com/event-details/1d147d4163a6989b;Newark, New Jersey, USA
UFC 77: Hostile Territory;October 20, 2007;http://www.ufcstats.com/event-details/91181b29be041f1c;Cincinnati, Ohio, USA
UFC 76: Knockout;September 22, 2007;http://www.ufcstats.com/event-details/bad28b7b34f334de;Anaheim, California, USA
UFC Fight Night: Thomas vs Florian;September 19, 2007;http://www.ufcstats.com/event-details/f341f9551ba744e2;Las Vegas, Nevada, USA
UFC 75: Champion vs Champion;September 08, 2007;http://www.ufcstats.com/event-details/0aa92558424ced9e;London, England, United Kingdom
UFC 74: Respect;August 25, 2007;http://www.ufcstats.com/event-details/a5c53b3ddb31cc7d;Las Vegas, Nevada, USA
UFC 73: Stacked;July 07, 2007;http://www.ufcstats.com/event-details/2a6f8136da1e52c0;Sacramento, California, USA
The Ultimate Fighter: Team Pulver vs. Team Penn Finale;June 23, 2007;http://www.ufcstats.com/event-details/e7ec11096eac0282;Las Vegas, Nevada, USA
UFC 72: Victory;June 16, 2007;http://www.ufcstats.com/event-details/5ca158b1cc9cb242;Belfast, Northern Ireland, United Kingdom
UFC Fight Night: Stout vs Fisher;June 12, 2007;http://www.ufcstats.com/event-details/304fcd812f12c589;Hollywood, Florida, USA
UFC 71: Liddell vs Jackson;May 26, 2007;http://www.ufcstats.com/event-details/2e04a3b4a2011b97;Las Vegas, Nevada, USA
UFC 70: Nations Collide;April 21, 2007;http://www.ufcstats.com/event-details/4604ab1de9058474;Manchester, England, United Kingdom
UFC 69: Shootout;April 07, 2007;http://www.ufcstats.com/event-details/c1684f00c626f4c0;Houston, Texas, USA
UFC Fight Night: Stevenson vs Guillard;April 05, 2007;http://www.ufcstats.com/event-details/a6c2f5381d575920;Las Vegas, Nevada, USA
UFC 68: The Uprising;March 03, 2007;http://www.ufcstats.com/event-details/de3ed2e152520c8d;Columbus, Ohio, USA
UFC 67: All or Nothing;February 03, 2007;http://www.ufcstats.com/event-details/63b65af1c5cb02cb;Las Vegas, Nevada, USA
UFC Fight Night: Evans vs Salmon;January 25, 2007;http://www.ufcstats.com/event-details/13c4313ed0f744f3;Hollywood, Florida, USA
UFC 66: Liddell vs Ortiz 2;December 30, 2006;http://www.ufcstats.com/event-details/ee5df903f80c6816;Las Vegas, Nevada, USA
UFC Fight Night: Sanchez vs Riggs;December 13, 2006;http://www.ufcstats.com/event-details/21b8a0f5c231096f;San Diego, California, USA
UFC 65: Bad Intentions;November 18, 2006;http://www.ufcstats.com/event-details/3fed746acfd026dd;Sacramento, California, USA
The Ultimate Fighter: The Comeback Finale;November 11, 2006;http://www.ufcstats.com/event-details/baf942f4bcb09894;Las Vegas, Nevada, USA
UFC 64: Unstoppable;October 14, 2006;http://www.ufcstats.com/event-details/13b2f59210dda9cc;Las Vegas, Nevada, USA
Ortiz vs Shamrock 3: The Final Chapter;October 10, 2006;http://www.ufcstats.com/event-details/577ec7e108b94be3;Hollywood, Florida, USA
UFC 63: Hughes vs Penn;September 23, 2006;http://www.ufcstats.com/event-details/13e62d766b709aa6;Anaheim, California, USA
UFC 62: Liddell vs Sobral;August 26, 2006;http://www.ufcstats.com/event-details/f717b6002486f73f;Las Vegas, Nevada, USA
UFC Fight Night 6;August 17, 2006;http://www.ufcstats.com/event-details/46c8ec317aff28ac;Las Vegas, Nevada, USA
UFC 61: Bitter Rivals;July 08, 2006;http://www.ufcstats.com/event-details/f70144caea5c4c80;Las Vegas, Nevada, USA
UFC Fight Night 5;June 28, 2006;http://www.ufcstats.com/event-details/445a98acb8985970;Las Vegas, Nevada, USA
The Ultimate Fighter: Team Ortiz vs. Team Shamrock Finale;June 24, 2006;http://www.ufcstats.com/event-details/1dab0d1d81dd06db;Las Vegas, Nevada, USA
UFC 60: Hughes vs Gracie;May 27, 2006;http://www.ufcstats.com/event-details/a54a35a670d8e852;Los Angeles, California, USA
UFC 59: Reality Check;April 15, 2006;http://www.ufcstats.com/event-details/03688dc3c3af3ac1;Anaheim, California, USA
UFC Fight Night 4;April 06, 2006;http://www.ufcstats.com/event-details/b361180739bed4b0;Las Vegas, Nevada, USA
UFC 58: USA vs Canada;March 04, 2006;http://www.ufcstats.com/event-details/0e9869d712e81f8f;Las Vegas, Nevada, USA
UFC 57: Liddell vs Couture 3;February 04, 2006;http://www.ufcstats.com/event-details/977081bc01197656;Las Vegas, Nevada, USA
UFC Fight Night 3;January 16, 2006;http://www.ufcstats.com/event-details/2ee09ec2a0695eb9;Las Vegas, Nevada, USA
UFC 56: Full Force;November 19, 2005;http://www.ufcstats.com/event-details/c7e9d15cfce52f1d;Las Vegas, Nevada, USA
The Ultimate Fighter: Team Hughes vs. Team Franklin Finale;November 05, 2005;http://www.ufcstats.com/event-details/31ceaf0e670c1578;Las Vegas, Nevada, USA
UFC 55: Fury;October 07, 2005;http://www.ufcstats.com/event-details/271fe91f4ba9d2c5;Uncasville, Connecticut, USA
UFC Fight Night 2;October 03, 2005;http://www.ufcstats.com/event-details/efaf544314bb5c2e;Las Vegas, Nevada, USA
UFC 54: Boiling Point;August 20, 2005;http://www.ufcstats.com/event-details/669a3cb6e394f515;Las Vegas, Nevada, USA
UFC Fight Night 1;August 06, 2005;http://www.ufcstats.com/event-details/3f24c96753dbd9f9;Las Vegas, Nevada, USA
UFC 53: Heavy Hitters;June 04, 2005;http://www.ufcstats.com/event-details/d3711d3784b76255;Atlantic City, New Jersey, USA
UFC 52: Couture vs Liddell 2;April 16, 2005;http://www.ufcstats.com/event-details/c933d423ebdbbbdb;Las Vegas, Nevada, USA
The Ultimate Fighter: Team Couture vs. Team Liddell Finale;April 09, 2005;http://www.ufcstats.com/event-details/fbbde91f7bc2d3c5;Las Vegas, Nevada, USA
UFC 51: Super Saturday;February 05, 2005;http://www.ufcstats.com/event-details/85d905f7c4f5a1af;Las Vegas, Nevada, USA
UFC 50: The War Of '04;October 22, 2004;http://www.ufcstats.com/event-details/ce783bf73b5131f9;Atlantic City, New Jersey, USA
UFC 49: Unfinished Business;August 21, 2004;http://www.ufcstats.com/event-details/b4bc2e3353a770b5;Las Vegas, Nevada, USA
UFC 48: Payback;June 19, 2004;http://www.ufcstats.com/event-details/429e7d3725852ce9;Las Vegas, Nevada, USA
UFC 47: It's On!;April 02, 2004;http://www.ufcstats.com/event-details/e8fb8e53bc2e29d6;Las Vegas, Nevada, USA
UFC 46: Supernatural;January 31, 2004;http://www.ufcstats.com/event-details/94609dd91731d428;Las Vegas, Nevada, USA
UFC 45: Revolution;November 21, 2003;http://www.ufcstats.com/event-details/e670f8cc2969a789;Uncasville, Connecticut, USA
UFC 44: Undisputed;September 26, 2003;http://www.ufcstats.com/event-details/c61f66d8c3fd5f07;Las Vegas, Nevada, USA
UFC 43: Meltdown;June 06, 2003;http://www.ufcstats.com/event-details/108afe61a26bcbf4;Las Vegas, Nevada, USA
UFC 42: Sudden Impact;April 25, 2003;http://www.ufcstats.com/event-details/ae58685caf8e4a0d;Miami, Florida, USA
UFC 41: Onslaught;February 28, 2003;http://www.ufcstats.com/event-details/bba678d312590087;Atlantic City, New Jersey, USA
UFC 40: Vendetta;November 22, 2002;http://www.ufcstats.com/event-details/e06fd1260ac865a7;Las Vegas, Nevada, USA
UFC 39: The Warriors Return;September 27, 2002;http://www.ufcstats.com/event-details/0cf935519d439ba6;Uncasville, Connecticut, USA
UFC 38: Brawl at the Hall;July 13, 2002;http://www.ufcstats.com/event-details/1dc56b59cb28425d;London, England, United Kingdom
UFC 37.5: As Real As It Gets;June 22, 2002;http://www.ufcstats.com/event-details/9ccdd2ce45903f34;Las Vegas, Nevada, USA
UFC 37: High Impact;May 10, 2002;http://www.ufcstats.com/event-details/9fd1f08dd4aec14a;Bossier City, Louisiana, USA
UFC 36: Worlds Collide;March 22, 2002;http://www.ufcstats.com/event-details/02fc8f50f56eb307;Las Vegas, Nevada, USA
UFC 35: Throwdown;January 11, 2002;http://www.ufcstats.com/event-details/946f341df6472ee0;Uncasville, Connecticut, USA
UFC 34: High Voltage;November 02, 2001;http://www.ufcstats.com/event-details/4dc496aa0cfc0d95;Las Vegas, Nevada, USA
UFC 33: Victory in Vegas;September 28, 2001;http://www.ufcstats.com/event-details/c75b99887c8c3f5a;Las Vegas, Nevada, USA
UFC 32: Showdown in the Meadowlands;June 29, 2001;http://www.ufcstats.com/event-details/7b9aa973e5c04624;East Rutherford, New Jersey, USA
UFC 31: Locked and Loaded;May 04, 2001;http://www.ufcstats.com/event-details/20bd6c3e03c46ee6;Atlantic City, New Jersey, USA
UFC 30: Battle on the Boardwalk;February 23, 2001;http://www.ufcstats.com/event-details/2b1587a3376ab743;Atlantic City, New Jersey, USA
UFC 29: Defense of the Belts;December 16, 2000;http://www.ufcstats.com/event-details/08ae5cd9aef7ddd3;Tokyo, Japan
UFC 28: High Stakes;November 17, 2000;http://www.ufcstats.com/event-details/da6dfd09cca1d705;Atlantic City, New Jersey, USA
UFC 27: Ultimate Bad Boyz;September 22, 2000;http://www.ufcstats.com/event-details/31652c9267606d54;New Orleans, Louisiana, USA
UFC 26: Ultimate Field Of Dreams;June 09, 2000;http://www.ufcstats.com/event-details/cedfdf8d423d500c;Cedar Rapids, Iowa, USA
UFC 25: Ultimate Japan 3;April 14, 2000;http://www.ufcstats.com/event-details/d2b1c1317a39f6c6;Tokyo, Japan
UFC 24: First Defense;March 10, 2000;http://www.ufcstats.com/event-details/20ec0061400178ca;Lake Charles, Louisiana, USA
UFC 23: Ultimate Japan 2;November 19, 1999;http://www.ufcstats.com/event-details/a8fa0c4e95512806;Chiba, Japan
UFC 22: Only One Can be Champion;September 24, 1999;http://www.ufcstats.com/event-details/afaad7d6a581e307;Lake Charles, Louisiana, USA
UFC 21: Return of the Champions;July 16, 1999;http://www.ufcstats.com/event-details/1a1a4d7a29041d77;Cedar Rapids, Iowa, USA
UFC 20: Battle for the Gold;May 07, 1999;http://www.ufcstats.com/event-details/a7b48e18ca27795d;Birmingham, Alabama, USA
UFC 19: Ultimate Young Guns;March 05, 1999;http://www.ufcstats.com/event-details/a220be6d41d6f97d;Bay St. Louis, Mississippi, USA
UFC 18: The Road to the Heavyweight Title;January 08, 1999;http://www.ufcstats.com/event-details/c9bbf1a0285a8076;New Orleans, Louisiana, USA
UFC - Ultimate Brazil;October 16, 1998;http://www.ufcstats.com/event-details/32a3025d5db456ae;Sao Paulo, Brazil
UFC 17: Redemption;May 15, 1998;http://www.ufcstats.com/event-details/4a01dc8376736ef5;Mobile, Alabama, USA
UFC 16: Battle in the Bayou;March 13, 1998;http://www.ufcstats.com/event-details/749685d24e2cac50;New Orleans, Louisiana, USA
UFC - Ultimate Japan;December 21, 1997;http://www.ufcstats.com/event-details/29f935654825331b;Yokohama, Kanagawa, Japan
UFC 15: Collision Course;October 17, 1997;http://www.ufcstats.com/event-details/07a18ae55dfc3cd9;Bay St. Louis, Mississippi, USA
UFC 14: Showdown;July 27, 1997;http://www.ufcstats.com/event-details/dc950d59dc590aca;Birmingham, Alabama, USA
UFC 13: The Ultimate Force;May 30, 1997;http://www.ufcstats.com/event-details/5bd533d50c8e7b8a;Augusta, Georgia, USA
UFC 12: Judgement Day;February 07, 1997;http://www.ufcstats.com/event-details/96eff1a628adcc7f;Dothan, Alabama, USA
UFC - Ultimate Ultimate '96;December 07, 1996;http://www.ufcstats.com/event-details/9b5b5a75523728f3;Birmingham, Alabama, USA
UFC 11: The Proving Ground;September 20, 1996;http://www.ufcstats.com/event-details/6ceff86fae4f6b3b;Augusta, Georgia, USA
UFC 10: The Tournament;July 12, 1996;http://www.ufcstats.com/event-details/aee8eecfc4bfb1e7;Birmingham, Alabama, USA
UFC 9: Motor City Madness;May 17, 1996;http://www.ufcstats.com/event-details/a390eb8a9b2df298;Detroit, Michigan, USA
UFC 8: David vs Goliath;February 16, 1996;http://www.ufcstats.com/event-details/b63e800c18e011b5;San Juan, Puerto Rico
UFC - Ultimate Ultimate '95;December 16, 1995;http://www.ufcstats.com/event-details/31bbd46d57dfbcb7;Denver, Colorado, USA
UFC 7: The Brawl in Buffalo;September 08, 1995;http://www.ufcstats.com/event-details/5af480a3b2e1726b;Buffalo, New York, USA
UFC 6: Clash of the Titans;July 14, 1995;http://www.ufcstats.com/event-details/1c3f5e85b59ec710;Casper, Wyoming, USA
UFC 5: The Return of the Beast;April 07, 1995;http://www.ufcstats.com/event-details/dedc3bb440d09554;Charlotte, North Carolina, USA
UFC 4: Revenge of the Warriors;December 16, 1994;http://www.ufcstats.com/event-details/b60391da771deefe;Tulsa, Oklahoma, USA
UFC 3: The American Dream;September 09, 1994;http://www.ufcstats.com/event-details/1a49e0670dfaca31;Charlotte, North Carolina, USA
UFC 2: No Way Out;March 11, 1994;http://www.ufcstats.com/event-details/a6a9ab5a824e8f66;Denver, Colorado, USA
